Channel,Group,Source,Link
CCTV-1,cctv,北邮IVI,http://ivi.bupt.edu.cn/hls/cctv1.m3u8
CCTV-1,cctv,江苏移动,http://183.207.249.9/PLTV/3/224/3221225530/1.m3u8
CCTV-1,cctv,江苏移动,http://223.110.245.159/ott.js.chinamobile.com/PLTV/3/224/3221225852/index.m3u8
CCTV-1FHD,cctv,江苏移动,http://223.110.245.159/ott.js.chinamobile.com/PLTV/3/224/3221227462/index.m3u8
CCTV-1FHD,cctv,江苏移动,http://223.110.245.165/ott.js.chinamobile.com/PLTV/3/224/3221226316/index.m3u8
CCTV-1FHD,cctv,江苏移动,http://223.110.245.165/ott.js.chinamobile.com/PLTV/3/224/3221227375/index.m3u8
CCTV-1FHD,cctv,浙江移动,http://117.148.187.37/PLTV/88888888/224/3221226154/index.m3u8
CCTV-1HD,cctv,北邮IVI,http://ivi.bupt.edu.cn/hls/cctv1hd.m3u8
CCTV-1HD,cctv,杭州华数,http://125.210.152.10:8060/live/CCTV1HD_H265.m3u8
CCTV-1HD,cctv,江苏移动,http://183.207.249.15/PLTV/3/224/3221225530/index.m3u8
CCTV-1HD,cctv,江苏移动,http://223.110.245.159/ott.js.chinamobile.com/PLTV/3/224/3221225530/index.m3u8
CCTV-1HD,cctv,江西移动,http://117.169.120.140:8080/live/cctv-1/.m3u8
CCTV-1HD,cctv,江西移动,http://223.82.250.72/live/hdcctv01/1.m3u8
CCTV-1HD,cctv,南宁联通,http://121.31.30.90:8085/ysten-business/live/cctv-1/1.m3u8
CCTV-1HD,cctv,南宁联通,http://121.31.30.90:8085/ysten-business/live/cctv-1/yst.m3u8
CCTV-2,cctv,北邮IVI,http://ivi.bupt.edu.cn/hls/cctv2.m3u8
CCTV-2HD,cctv,杭州华数,http://125.210.152.10:8060/live/CCTV2HD_H265.m3u8
CCTV-3,cctv,北邮IVI,http://ivi.bupt.edu.cn/hls/cctv3.m3u8
CCTV-3,cctv,江苏移动,http://183.207.249.5/PLTV/3/224/3221225588/index.m3u8
CCTV-3,cctv,江苏移动,http://183.207.249.6/PLTV/3/224/3221225588/index.m3u8
CCTV-3,cctv,江苏移动,http://183.207.249.9/PLTV/3/224/3221225588/1.m3u8
CCTV-3FHD,cctv,江苏移动,http://223.110.245.167/ott.js.chinamobile.com/PLTV/3/224/3221226360/index.m3u8
CCTV-3HD,cctv,北邮IVI,http://ivi.bupt.edu.cn/hls/cctv3hd.m3u8
CCTV-3HD,cctv,江苏移动,http://183.207.249.14/PLTV/3/224/3221225588/index.m3u8
CCTV-3HD,cctv,江苏移动,http://183.207.249.71/PLTV/3/224/3221225588/index.m3u8
CCTV-3HD,cctv,江西移动,http://117.169.120.140:8080/live/cctv-3/.m3u8
CCTV-3HD,cctv,南宁联通,http://121.31.30.90:8085/ysten-business/live/cctv-3/1.m3u8
CCTV-3HD,cctv,南宁联通,http://121.31.30.90:8085/ysten-business/live/cctv-3/yst.m3u8
CCTV-3HD,cctv,南宁移动,http://39.135.32.29:6610/000000001000/1000000001000011218/index.m3u8?i
CCTV-4,cctv,江苏移动,http://183.207.249.6/PLTV/3/224/3221225534/index.m3u8
CCTV-4,cctv,江苏移动,http://223.110.245.159/ott.js.chinamobile.com/PLTV/3/224/3221225781/index.m3u8
CCTV-4,cctv,江西移动,http://223.82.250.72/live/cctv-4/1.m3u8
CCTV-4,cctv,南宁联通,http://121.31.30.90:8085/ysten-business/live/cctv-4/1.m3u8
CCTV-4,cctv,南宁联通,http://121.31.30.90:8085/ysten-business/live/cctv-4/yst.m3u8
CCTV-4,cctv,浙江移动,http://117.148.187.37/PLTV/88888888/224/3221226171/index.m3u8
CCTV-4HD,cctv,江西移动,http://117.169.120.140:8080/live/cctv-4/.m3u8
CCTV-5+FHD,cctv,江苏移动,http://223.110.245.139:80/PLTV/4/224/3221227480/index.m3u8
CCTV-5+HD,cctv,北邮IVI,http://ivi.bupt.edu.cn/hls/cctv5phd.m3u8
CCTV-5+HD,cctv,江西移动,http://223.82.250.72/live/hdcctv05plus/1.m3u8
CCTV-5+HD,cctv,南宁联通,http://121.31.30.90:8085/ysten-business/live/hdcctv05plus/yst.m3u8
CCTV-5FHD,cctv,江苏移动,http://223.110.245.165/ott.js.chinamobile.com/PLTV/3/224/3221226362/index.m3u8
CCTV-5FHD,cctv,江苏移动,http://223.110.245.165/ott.js.chinamobile.com/PLTV/3/224/3221227401/index.m3u8
CCTV-5FHD,cctv,江苏移动,http://223.110.245.170/PLTV/3/224/3221227166/index.m3u8
CCTV-5FHD,cctv,浙江移动,http://117.148.187.37/PLTV/88888888/224/3221226400/index.m3u8
CCTV-5HD,cctv,江苏移动,http://223.110.243.172/PLTV/3/224/3221227166/index.m3u8
CCTV-5HD,cctv,南宁联通,http://121.31.30.90:8085/ysten-business/live/cctv-5/yst.m3u8
CCTV-5HD,cctv,南宁移动,http://39.135.32.24:6610/000000001000/1000000001000004794/index.m3u8?i
CCTV-6,cctv,北邮IVI,http://ivi.bupt.edu.cn/hls/cctv6.m3u8
CCTV-6,cctv,江苏移动,http://183.207.249.15/PLTV/3/224/3221225548/index.m3u8
CCTV-6,cctv,江苏移动,http://183.207.249.9/PLTV/3/224/3221225548/1.m3u8
CCTV-6FHD,cctv,江苏移动,http://223.110.245.139/ott.js.chinamobile.com/PLTV/3/224/3221227209/index.m3u8
CCTV-6FHD,cctv,江苏移动,http://223.110.245.159/ott.js.chinamobile.com/PLTV/3/224/3221227209/index.m3u8
CCTV-6FHD,cctv,江苏移动,http://223.110.245.159/ott.js.chinamobile.com/PLTV/3/224/3221227301/index.m3u8
CCTV-6FHD,cctv,江苏移动,http://223.110.245.172/PLTV/3/224/3221227209/index.m3u8?icpid=88888888&from=0&hms_devid=3
CCTV-6HD,cctv,江苏移动,http://183.207.249.9/PLTV/3/224/3221225548/index.m3u8
CCTV-6HD,cctv,江苏移动,http://223.110.243.139/PLTV/3/224/3221225548/index.m3u8
CCTV-6HD,cctv,江苏移动,http://223.110.245.159/ott.js.chinamobile.com/PLTV/3/224/3221225548/index.m3u8
CCTV-6HD,cctv,江苏移动,http://223.110.245.172/PLTV/3/224/3221225548/index.m3u8
CCTV-6HD,cctv,江苏移动,http://223.110.245.173/PLTV/3/224/3221225548/index.m3u8
CCTV-6HD,cctv,江西移动,http://117.169.120.140:8080/live/cctv-6/.m3u8
CCTV-6HD,cctv,南宁联通,http://121.31.30.90:8085/ysten-business/live/cctv-6/1.m3u8
CCTV-6HD,cctv,南宁联通,http://121.31.30.90:8085/ysten-business/live/cctv-6/yst.m3u8
CCTV-6HD,cctv,南宁移动,http://39.135.32.27:6610/000000001000/1000000001000001737/index.m3u8?i
CCTV-7,cctv,北邮IVI,http://ivi.bupt.edu.cn/hls/cctv7.m3u8
CCTV-7,cctv,江苏移动,http://183.207.248.8:80/PLTV/3/224/3221225546/index.m3u8
CCTV-7,cctv,江苏移动,http://183.207.249.6/PLTV/3/224/3221225546/index.m3u8
CCTV-7,cctv,江苏移动,http://183.207.249.9/PLTV/3/224/3221225546/1.m3u8
CCTV-7,cctv,南宁联通,http://121.31.30.90:8085/ysten-business/live/cctv-7/1.m3u8
CCTV-7,cctv,南宁联通,http://121.31.30.90:8085/ysten-business/live/cctv-7/yst.m3u8
CCTV-7FHD,cctv,浙江移动,http://117.148.187.37/PLTV/88888888/224/3221226122/index.m3u8
CCTV-7HD,cctv,江苏移动,http://183.207.249.71/PLTV/3/224/3221225546/index.m3u8
CCTV-7HD,cctv,江西移动,http://117.169.120.140:8080/live/cctv-7/.m3u8
CCTV-8,cctv,北邮IVI,http://ivi.bupt.edu.cn/hls/cctv8.m3u8
CCTV-8,cctv,江苏移动,http://223.110.243.170/PLTV/3/224/3221227204/index.m3u8
CCTV-8,cctv,江苏移动,http://223.110.245.141/ott.js.chinamobile.com/PLTV/3/224/3221225866/index.m3u8
CCTV-8FHD,cctv,江苏移动,http://223.110.245.139:80/PLTV/4/224/3221227304/index.m3u8
CCTV-8FHD,cctv,江苏移动,http://223.110.245.155/ott.js.chinamobile.com/PLTV/3/224/3221227304/index.m3u8
CCTV-8HD,cctv,北邮IVI,http://ivi.bupt.edu.cn/hls/cctv8hd.m3u8
CCTV-8HD,cctv,江苏移动,http://223.110.243.171/PLTV/3/224/3221227204/index.m3u8
CCTV-8HD,cctv,江苏移动,http://223.110.245.167/ott.js.chinamobile.com/PLTV/3/224/3221227204/index.m3u8
CCTV-8HD,cctv,江西移动,http://117.169.120.140:8080/live/cctv-8/.m3u8
CCTV-8HD,cctv,南宁联通,http://121.31.30.90:8085/ysten-business/live/cctv-8/1.m3u8
CCTV-8HD,cctv,南宁联通,http://121.31.30.90:8085/ysten-business/live/cctv-8/yst.m3u8
CCTV-8HD,cctv,南宁移动,http://39.135.32.29:6610/000000001000/1000000001000003736/index.m3u8?i
CCTV-8HD,cctv,浙江移动,http://117.148.187.37/PLTV/88888888/224/3221226493/index.m3u8
CCTV-9,cctv,北邮IVI,http://ivi.bupt.edu.cn/hls/cctv9.m3u8
CCTV-9,cctv,江苏移动,http://183.207.248.11/PLTV/4/224/3221225868/index.m3u8
CCTV-9,cctv,江苏移动,http://183.207.249.6/PLTV/3/224/3221225532/1.m3u8
CCTV-9,cctv,江苏移动,http://183.207.249.6/PLTV/3/224/3221225532/index.m3u8
CCTV-9,cctv,南宁联通,http://121.31.30.90:8085/ysten-business/live/cctv-news/1.m3u8
CCTV-9,cctv,南宁联通,http://121.31.30.90:8085/ysten-business/live/cctv-news/yst.m3u8
CCTV-9FHD,cctv,浙江移动,http://117.148.187.37/PLTV/88888888/224/3221226156/index.m3u8
CCTV-9HD,cctv,江苏移动,http://223.110.245.161/ott.js.chinamobile.com/PLTV/3/224/3221225868/index.m3u8
CCTV-10,cctv,北邮IVI,http://ivi.bupt.edu.cn/hls/cctv10.m3u8
CCTV-10,cctv,江苏移动,http://183.207.249.35/PLTV/3/224/3221225550/index.m3u8
CCTV-10,cctv,南宁联通,http://121.31.30.90:8085/ysten-business/live/cctv-10/yst.m3u8
CCTV-10FHD,cctv,江苏移动,http://223.110.245.163/ott.js.chinamobile.com/PLTV/3/224/3221227317/index.m3u8
CCTV-10FHD,cctv,江苏移动,http://223.110.245.170/PLTV/3/224/3221225550/index.m3u8
CCTV-10FHD,cctv,浙江移动,http://117.148.187.37/PLTV/88888888/224/3221226199/index.m3u8
CCTV-10HD,cctv,江苏移动,http://183.207.249.14/PLTV/3/224/3221225550/index.m3u8
CCTV-10HD,cctv,江苏移动,http://183.207.249.71/PLTV/3/224/3221225550/index.m3u8
CCTV-10HD,cctv,江西移动,http://117.169.120.140:8080/live/cctv-10/.m3u8
CCTV-10HD,cctv,南宁移动,http://39.135.32.24:6610/000000001000/1000000001000023734/index.m3u8?i
CCTV-11,cctv,北邮IVI,http://ivi.bupt.edu.cn/hls/cctv11.m3u8
CCTV-11,cctv,江苏移动,http://223.110.245.153/ott.js.chinamobile.com/PLTV/3/224/3221227384/index.m3u8
CCTV-11,cctv,南宁联通,http://121.31.30.90:8085/ysten-business/live/cctv-11/1.m3u8
CCTV-11,cctv,南宁联通,http://121.31.30.90:8085/ysten-business/live/cctv-11/yst.m3u8
CCTV-11HD,cctv,江西移动,http://117.169.120.140:8080/live/cctv-11/.m3u8
CCTV-12,cctv,北邮IVI,http://ivi.bupt.edu.cn/hls/cctv12.m3u8
CCTV-12,cctv,江西移动,http://223.82.250.72/live/cctv-12/1.m3u8
CCTV-12,cctv,南宁联通,http://121.31.30.90:8085/ysten-business/live/cctv-12/1.m3u8
CCTV-12,cctv,南宁联通,http://121.31.30.90:8085/ysten-business/live/cctv-12/yst.m3u8
CCTV-12FHD,cctv,江苏移动,http://223.110.245.170/PLTV/3/224/3221225556/index.m3u8
CCTV-12HD,cctv,江苏移动,http://223.110.245.163/ott.js.chinamobile.com/PLTV/3/224/3221225556/index.m3u8
CCTV-12HD,cctv,江苏移动,http://223.110.245.172/PLTV/3/224/3221225556/index.m3u8
CCTV-13,cctv,北邮IVI,http://ivi.bupt.edu.cn/hls/cctv13.m3u8
CCTV-13,cctv,江苏移动,http://183.207.249.14/PLTV/3/224/3221225560/index.m3u8
CCTV-13,cctv,南宁联通,http://121.31.30.90:8085/ysten-business/live/cctv-13/1.m3u8
CCTV-13,cctv,南宁联通,http://121.31.30.90:8085/ysten-business/live/cctv-13/yst.m3u8
CCTV-13FHD,cctv,浙江移动,http://117.148.187.37/PLTV/88888888/224/3221226763/index.m3u8
CCTV-13HD,cctv,江苏移动,http://183.207.249.71/PLTV/3/224/3221225560/index.m3u8
CCTV-13HD,cctv,江西移动,http://117.169.120.140:8080/live/cctv-13/.m3u8
CCTV-14,cctv,北邮IVI,http://ivi.bupt.edu.cn/hls/cctv14.m3u8
CCTV-14,cctv,江苏移动,http://223.110.245.155/ott.js.chinamobile.com/PLTV/3/224/3221225813/index.m3u8
CCTV-14,cctv,南宁联通,http://121.31.30.90:8085/ysten-business/live/cctv-14/1.m3u8
CCTV-14,cctv,南宁联通,http://121.31.30.90:8085/ysten-business/live/cctv-14/yst.m3u8
CCTV-14FHD,cctv,浙江移动,http://117.148.187.37/PLTV/88888888/224/3221226126/index.m3u8
CCTV-14HD,cctv,江苏移动,http://223.110.245.169/PLTV/3/224/3221227201/index.m3u8
CCTV-15,cctv,北邮IVI,http://ivi.bupt.edu.cn/hls/cctv15.m3u8
CCTV-15,cctv,江苏移动,http://223.110.245.143/ott.js.chinamobile.com/PLTV/3/224/3221225817/index.m3u8
CCTV-15,cctv,江西移动,http://223.82.250.72/live/cctv-15/1.m3u8
CCTV-15,cctv,江西移动,http://223.82.250.72/ysten-business/live/cctv-15/1.m3u8
CCTV-15,cctv,南宁联通,http://121.31.30.90:8085/ysten-business/live/cctv-15/1.m3u8
CCTV-15,cctv,南宁联通,http://121.31.30.90:8085/ysten-business/live/cctv-15/yst.m3u8
CCTV-老故事,cctv,江苏移动,http://223.110.245.145/ott.js.chinamobile.com/PLTV/3/224/3221227043/index.m3u8
CCTV-女性时尚,cctv,江苏移动,http://223.110.245.153/ott.js.chinamobile.com/PLTV/3/224/3221227026/index.m3u8
CGTN,cctv,官方,http://live.cgtn.com/1000/prog_index.m3u8
CGTN,cctv,官方,http://live.cgtn.com/500/prog_index.m3u8
CGTN,cctv,江苏移动,http://223.110.245.149/ott.js.chinamobile.com/PLTV/3/224/3221225917/index.m3u8
CGTN,cctv,江西移动,http://m-tvlmedia.public.bcs.ysten.com/ysten-business/live/cctvennews/1.m3u8
CGTN,cctv,南宁联通,http://121.31.30.90:8085/ysten-business/live/cctv-9/yst.m3u8
CGTN Arabic,cctv,官方,http://livear.cgtn.com/1000a/prog_index.m3u8
CGTN Documentary,cctv,官方,https://livedoc.cgtn.com/1000d/prog_index.m3u8
CGTN Documentary,cctv,官方,https://news.cgtn.com/resource/live/document/cgtn-doc.m3u8
CGTN Documentary,cctv,江西移动,http://223.82.250.72/live/cctv-9/1.m3u8
CGTN Documentary,cctv,南宁联通,http://121.31.30.90:8085/ysten-business/live/cctv-9/1.m3u8
CGTN Espa?ol,cctv,官方,http://livees.cgtn.com/500e/prog_index.m3u8
CGTN Espa?ol,cctv,官方,https://livees.cgtn.com/1000e/prog_index.m3u8
CGTN Fran?ais,cctv,官方,https://news.cgtn.com/resource/live/french/cgtn-f.m3u8
安徽卫视,weishi,北邮IVI,http://ivi.bupt.edu.cn/hls/ahtv.m3u8
安徽卫视,weishi,江苏移动,http://183.207.249.15/PLTV/3/224/3221225634/index.m3u8
安徽卫视,weishi,江苏移动,http://183.207.249.9/PLTV/3/224/3221225634/index.m3u8
安徽卫视,weishi,江苏移动,http://223.110.245.143/ott.js.chinamobile.com/PLTV/3/224/3221225800/index.m3u8
安徽卫视,weishi,南宁联通,http://121.31.30.90:8085/ysten-business/live/anhuistv/1.m3u8
安徽卫视,weishi,南宁联通,http://121.31.30.90:8085/ysten-business/live/anhuistv/yst.m3u8
安徽卫视FHD,weishi,江苏移动,http://223.110.245.147/ott.js.chinamobile.com/PLTV/3/224/3221225634/index.m3u8
安徽卫视HD,weishi,北邮IVI,http://ivi.bupt.edu.cn/hls/ahhd.m3u8
北京卫视,weishi,北邮IVI,http://ivi.bupt.edu.cn/hls/btv1.m3u8
北京卫视,weishi,江苏移动,http://183.207.249.7/PLTV/3/224/3221225574/index.m3u8
北京卫视,weishi,江西移动,http://m-tvlmedia.public.bcs.ysten.com/ysten-business/live/beijingstv/1.m3u8
北京卫视,weishi,南宁联通,http://121.31.30.90:8085/ysten-business/live/beijingstv/1.m3u8
北京卫视,weishi,南宁联通,http://121.31.30.90:8085/ysten-business/live/beijingstv/yst.m3u8
北京卫视FHD,weishi,江苏移动,http://223.110.245.153/ott.js.chinamobile.com/PLTV/3/224/3221225574/index.m3u8
北京卫视FHD,weishi,江苏移动,http://223.110.245.163/ott.js.chinamobile.com/PLTV/3/224/3221227436/index.m3u8
北京卫视HD,weishi,北邮IVI,http://ivi.bupt.edu.cn/hls/btv1hd.m3u8
北京卫视HD,weishi,江苏移动,http://223.110.243.173/PLTV/3/224/3221227246/index.m3u8
北京卫视HD,weishi,江西移动,http://223.82.250.72/live/hdbeijingstv/1.m3u8
北京卫视HD,weishi,南宁联通,http://121.31.30.90:8085/ysten-business/live/hdbeijingstv/1.m3u8
北京卫视HD,weishi,南宁联通,http://121.31.30.90:8085/ysten-business/live/hdbeijingstv/yst.m3u8
兵团卫视,weishi,北邮IVI,http://ivi.bupt.edu.cn/hls/bttv.m3u8
兵团卫视,weishi,浙江移动,http://112.17.40.140/PLTV/88888888/224/3221226186/index.m3u8
东方卫视,weishi,北邮IVI,http://ivi.bupt.edu.cn/hls/dftv.m3u8
东方卫视,weishi,江苏移动,http://223.110.245.159/ott.js.chinamobile.com/PLTV/3/224/3221225856/index.m3u8
东方卫视,weishi,南宁联通,http://121.31.30.90:8085/ysten-business/live/dongfangstv/1.m3u8
东方卫视,weishi,南宁联通,http://121.31.30.90:8085/ysten-business/live/dongfangstv/yst.m3u8
东方卫视FHD,weishi,江苏移动,http://223.110.245.159/ott.js.chinamobile.com/PLTV/3/224/3221227208/index.m3u8
东方卫视FHD,weishi,江苏移动,http://223.110.245.159/ott.js.chinamobile.com/PLTV/3/224/3221227396/index.m3u8
东方卫视HD,weishi,北邮IVI,http://ivi.bupt.edu.cn/hls/dfhd.m3u8
东方卫视HD,weishi,江苏移动,http://223.110.243.138/PLTV/3/224/3221227208/index.m3u8
东方卫视HD,weishi,江西移动,http://223.82.250.72/live/hddongfangstv/1.m3u8
东方卫视HD,weishi,南宁联通,http://121.31.30.90:8085/ysten-business/live/hddongfangstv/1.m3u8
东南卫视,weishi,江西移动,http://m-tvlmedia.public.bcs.ysten.com/ysten-business/live/dongnanstv/1.m3u8
东南卫视,weishi,南宁联通,http://121.31.30.90:8085/ysten-business/live/dongnanstv/1.m3u8
东南卫视,weishi,南宁联通,http://121.31.30.90:8085/ysten-business/live/dongnanstv/yst.m3u8
东南卫视HD,weishi,江西移动,http://117.169.120.140:8080/live/dongnanstv/.m3u8
凤凰卫视香港台,weishi,江苏移动,http://183.207.249.35/PLTV/3/224/3221226975/index.m3u8
凤凰卫视香港台HD,weishi,江西移动,http://223.82.250.72/live/fhhongkong/1.m3u8
凤凰卫视中文台,weishi,江苏移动,http://223.110.245.167/ott.js.chinamobile.com/PLTV/3/224/3221226922/index.m3u8
凤凰卫视中文台HD,weishi,北京移动,http://221.179.217.70/PLTV/88888888/224/3221225942/1.m3u8
凤凰卫视中文台HD,weishi,江苏移动,http://223.110.245.139/PLTV/3/224/3221226922/index.m3u8
凤凰卫视中文台HD,weishi,江西移动,http://223.82.250.72/live/fhchinese/1.m3u8
凤凰卫视资讯台,weishi,江苏移动,http://183.207.249.35/PLTV/3/224/3221226923/index.m3u8
凤凰卫视资讯台,weishi,江苏移动,http://223.110.245.167/ott.js.chinamobile.com/PLTV/3/224/3221226923/index.m3u8
凤凰卫视资讯台,weishi,江西移动,http://117.169.124.43:6610/ysten-businessmobile/live/fhzixun/index.m3u8?icpid=88888888&IASHttpSessionId=OTT1622920190904084738000813
凤凰卫视资讯台HD,weishi,江西移动,http://117.169.120.138:8080/live/fhzixun/.m3u8
凤凰卫视资讯台HD,weishi,江西移动,http://223.82.250.72/live/fhzixun/1.m3u8
福建东南卫视,weishi,北邮IVI,http://ivi.bupt.edu.cn/hls/dntv.m3u8
甘肃卫视,weishi,北邮IVI,http://ivi.bupt.edu.cn/hls/gstv.m3u8
甘肃卫视,weishi,官方,http://stream.gstv.com.cn/gsws/sd/live.m3u8
甘肃卫视,weishi,南宁联通,http://121.31.30.90:8085/ysten-business/live/gansustv/1.m3u8
甘肃卫视,weishi,南宁联通,http://121.31.30.90:8085/ysten-business/live/gansustv/yst.m3u8
广东卫视,weishi,北邮IVI,http://ivi.bupt.edu.cn/hls/gdtv.m3u8
广东卫视,weishi,官方,http://nclive.grtn.cn/gdws/sd/live.m3u8
广东卫视,weishi,官方,http://nclive.grtn.cn/gdws/sd/live.m3u8?_upt=4fbd1f881539858465
广东卫视,weishi,江西移动,http://m-tvlmedia.public.bcs.ysten.com/ysten-business/live/hdguangdongstv/1.m3u8
广东卫视,weishi,南宁联通,http://121.31.30.90:8085/ysten-business/live/guangdongstv/1.m3u8
广东卫视,weishi,南宁联通,http://121.31.30.90:8085/ysten-business/live/guangdongstv/yst.m3u8
广东卫视FHD,weishi,江苏移动,http://223.110.245.145/ott.js.chinamobile.com/PLTV/3/224/3221227249/index.m3u8
广东卫视FHD,weishi,江苏移动,http://223.110.245.155/ott.js.chinamobile.com/PLTV/3/224/3221227445/index.m3u8
广东卫视HD,weishi,北邮IVI,http://ivi.bupt.edu.cn/hls/gdhd.m3u8
广东卫视HD,weishi,江苏移动,http://223.110.243.136/PLTV/3/224/3221227249/index.m3u8
广东卫视HD,weishi,南宁联通,http://121.31.30.90:8085/ysten-business/live/hdguangdongstv/1.m3u8
广西卫视,weishi,北邮IVI,http://ivi.bupt.edu.cn/hls/gxtv.m3u8
广西卫视,weishi,江西移动,http://223.82.250.72/live/guangxistv/1.m3u8
广西卫视,weishi,江西移动,http://m-tvlmedia.public.bcs.ysten.com/ysten-business/live/guangxistv/1.m3u8
广西卫视,weishi,南宁联通,http://121.31.30.90:8085/ysten-business/live/guangxistv/1.m3u8
广西卫视,weishi,南宁联通,http://121.31.30.90:8085/ysten-business/live/guangxistv/yst.m3u8
贵州卫视,weishi,北邮IVI,http://ivi.bupt.edu.cn/hls/gztv.m3u8
贵州卫视,weishi,江苏移动,http://223.110.245.149/ott.js.chinamobile.com/PLTV/3/224/3221225787/index.m3u8
贵州卫视,weishi,江西移动,http://223.82.250.72/live/guizhoustv/1.m3u8
贵州卫视,weishi,南宁联通,http://121.31.30.90:8085/ysten-business/live/guizhoustv/1.m3u8
贵州卫视,weishi,南宁联通,http://121.31.30.90:8085/ysten-business/live/guizhoustv/yst.m3u8
河北卫视,weishi,北邮IVI,http://ivi.bupt.edu.cn/hls/hebtv.m3u8
河北卫视,weishi,江苏移动,http://223.110.245.149/ott.js.chinamobile.com/PLTV/3/224/3221225840/index.m3u8
河北卫视,weishi,江西移动,http://223.82.250.72/live/hebeistv/1.m3u8
河北卫视,weishi,南宁联通,http://121.31.30.90:8085/ysten-business/live/hebeistv/1.m3u8
河北卫视,weishi,南宁联通,http://121.31.30.90:8085/ysten-business/live/hebeistv/yst.m3u8
河南卫视,weishi,北邮IVI,http://ivi.bupt.edu.cn/hls/hntv.m3u8
河南卫视,weishi,江西移动,http://m-tvlmedia.public.bcs.ysten.com/ysten-business/live/henanstv/1.m3u8
河南卫视,weishi,南宁联通,http://121.31.30.90:8085/ysten-business/live/henanstv/1.m3u8
河南卫视,weishi,南宁联通,http://121.31.30.90:8085/ysten-business/live/henanstv/yst.m3u8
河南卫视,weishi,浙江移动,http://112.17.40.140/PLTV/88888888/224/3221226130/index.m3u8
河南卫视HD,weishi,江苏移动,http://223.110.245.157/ott.js.chinamobile.com/PLTV/3/224/3221225815/index.m3u8
黑龙江卫视,weishi,北邮IVI,http://ivi.bupt.edu.cn/hls/hljtv.m3u8
黑龙江卫视,weishi,江苏移动,http://223.110.243.169/PLTV/3/224/3221227252/index.m3u8
黑龙江卫视,weishi,江西移动,http://m-tvlmedia.public.bcs.ysten.com/ysten-business/live/hdheilongjiangstv/1.m3u8
黑龙江卫视FHD,weishi,江苏移动,http://223.110.245.161/ott.js.chinamobile.com/PLTV/3/224/3221227492/index.m3u8
黑龙江卫视FHD,weishi,江苏移动,http://223.110.245.163/ott.js.chinamobile.com/PLTV/3/224/3221227252/index.m3u8
黑龙江卫视FHD,weishi,江苏移动,http://223.110.245.165/ott.js.chinamobile.com/PLTV/3/224/3221227323/index.m3u8
黑龙江卫视HD,weishi,北邮IVI,http://ivi.bupt.edu.cn/hls/hljhd.m3u8
黑龙江卫视HD,weishi,江西移动,http://223.82.250.72/live/hdheilongjiangstv/1.m3u8
湖北卫视,weishi,北邮IVI,http://ivi.bupt.edu.cn/hls/hbtv.m3u8
湖北卫视,weishi,南宁联通,http://121.31.30.90:8085/ysten-business/live/hubeistv/1.m3u8
湖北卫视,weishi,南宁联通,http://121.31.30.90:8085/ysten-business/live/hubeistv/yst.m3u8
湖北卫视FHD,weishi,江苏移动,http://223.110.245.153/ott.js.chinamobile.com/PLTV/3/224/3221227211/index.m3u8
湖北卫视FHD,weishi,江苏移动,http://223.110.245.167/ott.js.chinamobile.com/PLTV/3/224/3221227377/index.m3u8
湖北卫视HD,weishi,北邮IVI,http://ivi.bupt.edu.cn/hls/hbhd.m3u8
湖北卫视HD,weishi,江苏移动,http://223.110.243.171/PLTV/3/224/3221227211/index.m3u8
湖北卫视HD,weishi,江西移动,http://117.169.120.140:8080/live/hdhubeistv/.m3u8
湖北卫视HD,weishi,南宁联通,http://121.31.30.90:8085/ysten-business/live/hdhubeistv/1.m3u8
湖北卫视HD,weishi,南宁联通,http://121.31.30.90:8085/ysten-business/live/hdhubeistv/yst.m3u8
湖北卫视HD,weishi,南宁移动,http://39.135.32.27:6610/000000001000/1000000001000010355/index.m3u8?i
湖南卫视,weishi,北邮IVI,http://ivi.bupt.edu.cn/hls/hunantv.m3u8
湖南卫视,weishi,江苏移动,http://223.110.245.165/ott.js.chinamobile.com/PLTV/3/224/3221225854/index.m3u8
湖南卫视,weishi,南宁联通,http://121.31.30.90:8085/ysten-business/live/hunanstv/1.m3u8
湖南卫视FHD,weishi,江苏移动,http://223.110.245.159/ott.js.chinamobile.com/PLTV/3/224/3221227191/index.m3u8
湖南卫视FHD,weishi,浙江移动,http://117.148.187.37/PLTV/88888888/224/3221226162/index.m3u8
湖南卫视HD,weishi,北邮IVI,http://ivi.bupt.edu.cn/hls/hunanhd.m3u8
湖南卫视HD,weishi,江苏移动,http://223.110.243.173/PLTV/3/224/3221227220/index.m3u8
湖南卫视HD,weishi,江西移动,http://223.82.250.72/live/hdhunanstv/1.m3u8
湖南卫视HD,weishi,南宁联通,http://121.31.30.90:8085/ysten-business/live/hdhunanstv/1.m3u8
湖南卫视HD,weishi,南宁联通,http://121.31.30.90:8085/ysten-business/live/hdhunanstv/yst.m3u8
吉林卫视,weishi,北邮IVI,http://ivi.bupt.edu.cn/hls/jltv.m3u8
吉林卫视,weishi,官方,http://stream1.jlntv.cn/jlws/sd/live.m3u8
吉林卫视,weishi,江苏移动,http://223.110.245.153/ott.js.chinamobile.com/PLTV/3/224/3221225883/index.m3u8
吉林卫视,weishi,南宁联通,http://121.31.30.90:8085/ysten-business/live/jilinstv/1.m3u8
吉林卫视,weishi,南宁联通,http://121.31.30.90:8085/ysten-business/live/jilinstv/yst.m3u8
吉林卫视HD,weishi,江西移动,http://117.169.120.140:8080/live/jilinstv/.m3u8
江苏卫视,weishi,北邮IVI,http://ivi.bupt.edu.cn/hls/jstv.m3u8
江苏卫视,weishi,江苏移动,http://183.207.248.11/PLTV/4/224/3221225782/index.m3u8
江苏卫视,weishi,南宁联通,http://121.31.30.90:8085/ysten-business/live/jiangsustv/1.m3u8
江苏卫视,weishi,南宁联通,http://121.31.30.90:8085/ysten-business/live/jiangsustv/yst.m3u8
江苏卫视HD,weishi,北邮IVI,http://ivi.bupt.edu.cn/hls/jshd.m3u8
江苏卫视HD,weishi,江西移动,http://117.169.120.140:8080/live/hdjiangsustv/.m3u8
江苏卫视HD,weishi,江西移动,http://223.82.250.72/live/hdjiangsustv/1.m3u8
江苏卫视HD,weishi,南宁联通,http://121.31.30.90:8085/ysten-business/live/hdjiangsustv/yst.m3u8
江苏卫视HD,weishi,南宁移动,http://39.135.32.26:6610/000000001000/1000000001000001828/index.m3u8?i
江西卫视,weishi,北邮IVI,http://ivi.bupt.edu.cn/hls/jxtv.m3u8
江西卫视,weishi,江苏移动,http://223.110.245.170/PLTV/3/224/3221225536/index.m3u8
江西卫视,weishi,江西移动,http://m-tvlmedia.public.bcs.ysten.com/ysten-business/live/jiangxistv/1.m3u8
江西卫视,weishi,南宁联通,http://121.31.30.90:8085/ysten-business/live/jiangxistv/1.m3u8
江西卫视HD,weishi,江西移动,http://117.169.120.140:8080/live/jiangxistv/.m3u8
辽宁卫视,weishi,北邮IVI,http://ivi.bupt.edu.cn/hls/lntv.m3u8
辽宁卫视,weishi,江苏移动,http://183.207.249.9/PLTV/3/224/3221225566/index.m3u8
辽宁卫视,weishi,江西移动,http://m-tvlmedia.public.bcs.ysten.com/ysten-business/live/liaoningstv/1.m3u8
辽宁卫视,weishi,南宁联通,http://121.31.30.90:8085/ysten-business/live/liaoningstv/1.m3u8
辽宁卫视,weishi,南宁联通,http://121.31.30.90:8085/ysten-business/live/liaoningstv/yst.m3u8
辽宁卫视FHD,weishi,江苏移动,http://223.110.245.145/ott.js.chinamobile.com/PLTV/3/224/3221227410/index.m3u8
辽宁卫视HD,weishi,江苏移动,http://183.207.249.71/PLTV/3/224/3221225566/index.m3u8
旅游卫视,weishi,北邮IVI,http://ivi.bupt.edu.cn/hls/lytv.m3u8
旅游卫视,weishi,江苏移动,http://183.207.248.11/PLTV/4/224/3221225810/index.m3u8
旅游卫视,weishi,江西移动,http://223.82.250.72/live/lvyoustv/1.m3u8
旅游卫视,weishi,江西移动,http://m-tvlmedia.public.bcs.ysten.com/ysten-business/live/lvyoustv/1.m3u8
内蒙古卫视,weishi,北邮IVI,http://ivi.bupt.edu.cn/hls/nmtv.m3u8
内蒙古卫视,weishi,江苏移动,http://223.110.245.161/ott.js.chinamobile.com/PLTV/3/224/3221225836/index.m3u8
内蒙古卫视,weishi,江西移动,http://117.169.120.140:8080/live/neimenggustv/.m3u8
内蒙古卫视,weishi,江西移动,http://m-tvlmedia.public.bcs.ysten.com/ysten-business/live/neimenggustv/1.m3u8
内蒙古卫视,weishi,南宁联通,http://121.31.30.90:8085/ysten-business/live/neimenggustv/1.m3u8
内蒙古卫视,weishi,南宁联通,http://121.31.30.90:8085/ysten-business/live/neimenggustv/yst.m3u8
宁夏卫视,weishi,北邮IVI,http://ivi.bupt.edu.cn/hls/nxtv.m3u8
宁夏卫视,weishi,江苏移动,http://183.207.248.11/PLTV/4/224/3221225842/index.m3u8
宁夏卫视,weishi,江苏移动,http://223.110.245.151/ott.js.chinamobile.com/PLTV/3/224/3221225842/index.m3u8
宁夏卫视,weishi,江西移动,http://117.169.120.140:8080/live/ningxiastv/.m3u8
宁夏卫视,weishi,江西移动,http://m-tvlmedia.public.bcs.ysten.com/ysten-business/live/ningxiastv/1.m3u8
宁夏卫视,weishi,南宁联通,http://121.31.30.90:8085/ysten-business/live/ningxiastv/1.m3u8
宁夏卫视,weishi,南宁联通,http://121.31.30.90:8085/ysten-business/live/ningxiastv/yst.m3u8
青海卫视,weishi,北邮IVI,http://ivi.bupt.edu.cn/hls/qhtv.m3u8
青海卫视,weishi,南宁联通,http://121.31.30.90:8085/ysten-business/live/qinghaistv/1.m3u8
青海卫视,weishi,南宁联通,http://121.31.30.90:8085/ysten-business/live/qinghaistv/yst.m3u8
厦门卫视,weishi,北邮IVI,http://ivi.bupt.edu.cn/hls/xmtv.m3u8
厦门卫视,weishi,江苏移动,http://223.110.245.159/ott.js.chinamobile.com/PLTV/3/224/3221226996/index.m3u8
山东卫视,weishi,北邮IVI,http://ivi.bupt.edu.cn/hls/sdtv.m3u8
山东卫视,weishi,江苏移动,http://223.110.245.149/ott.js.chinamobile.com/PLTV/3/224/3221225804/index.m3u8
山东卫视,weishi,南宁联通,http://121.31.30.90:8085/ysten-business/live/shandongstv/1.m3u8
山东卫视,weishi,南宁联通,http://121.31.30.90:8085/ysten-business/live/shandongstv/yst.m3u8
山东卫视FHD,weishi,江苏移动,http://223.110.245.155/ott.js.chinamobile.com/PLTV/3/224/3221227258/index.m3u8
山东卫视HD,weishi,北邮IVI,http://ivi.bupt.edu.cn/hls/sdhd.m3u8
山东卫视HD,weishi,江苏移动,http://223.110.243.171/PLTV/3/224/3221227258/index.m3u8
山东卫视HD,weishi,江西移动,http://117.169.120.140:8080/live/hdshandongstv/.m3u8
山东卫视HD,weishi,南宁联通,http://121.31.30.90:8085/ysten-business/live/hdshandongstv/yst.m3u8
山东卫视HD,weishi,南宁移动,http://39.135.32.25:6610/000000001000/1000000001000012807/index.m3u8?i
山西卫视,weishi,北邮IVI,http://ivi.bupt.edu.cn/hls/sxrtv.m3u8
山西卫视,weishi,杭州华数,http://125.210.152.10:8060/live/SXWS.m3u8
山西卫视,weishi,江西移动,http://117.169.120.140:8080/live/shanxistv/.m3u8
山西卫视,weishi,江西移动,http://223.82.250.72/live/shanxistv/1.m3u8
山西卫视,weishi,南宁联通,http://121.31.30.90:8085/ysten-business/live/shanxistv/1.m3u8
山西卫视,weishi,南宁联通,http://121.31.30.90:8085/ysten-business/live/shanxistv/yst.m3u8
陕西卫视,weishi,北邮IVI,http://ivi.bupt.edu.cn/hls/sxtv.m3u8
陕西卫视,weishi,江西移动,http://223.82.250.72/live/shanxi1stv/1.m3u8
陕西卫视,weishi,南宁联通,http://121.31.30.90:8085/ysten-business/live/shanxi1stv/yst.m3u8
深圳卫视,weishi,北邮IVI,http://ivi.bupt.edu.cn/hls/sztv.m3u8
深圳卫视,weishi,南宁联通,http://121.31.30.90:8085/ysten-business/live/shenzhenstv/1.m3u8
深圳卫视,weishi,南宁联通,http://121.31.30.90:8085/ysten-business/live/shenzhenstv/yst.m3u8
深圳卫视HD,weishi,北邮IVI,http://ivi.bupt.edu.cn/hls/szhd.m3u8
深圳卫视HD,weishi,江苏移动,http://223.110.243.171/PLTV/3/224/3221227217/index.m3u8
深圳卫视HD,weishi,江西移动,http://223.82.250.72/live/hdshenzhenstv/1.m3u8
深圳卫视HD,weishi,南宁联通,http://121.31.30.90:8085/ysten-business/live/hdshenzhenstv/yst.m3u8
四川卫视,weishi,北邮IVI,http://ivi.bupt.edu.cn/hls/sctv.m3u8
四川卫视,weishi,江西移动,http://223.82.250.72/live/sichuanstv/1.m3u8
四川卫视,weishi,江西移动,http://m-tvlmedia.public.bcs.ysten.com/ysten-business/live/sichuanstv/1.m3u8
四川卫视,weishi,南宁联通,http://121.31.30.90:8085/ysten-business/live/sichuanstv/1.m3u8
四川卫视,weishi,南宁联通,http://121.31.30.90:8085/ysten-business/live/sichuanstv/yst.m3u8
四川卫视HD,weishi,江苏移动,http://223.110.245.145/ott.js.chinamobile.com/PLTV/3/224/3221225814/index.m3u8
四川卫视HD,weishi,江西移动,http://117.169.120.140:8080/live/sichuanstv/.m3u8
天津卫视,weishi,北邮IVI,http://ivi.bupt.edu.cn/hls/tjtv.m3u8
天津卫视,weishi,江苏移动,http://223.110.243.170/PLTV/3/224/3221227212/index.m3u8
天津卫视,weishi,江苏移动,http://223.110.245.151/ott.js.chinamobile.com/PLTV/3/224/3221225808/index.m3u8
天津卫视,weishi,江西移动,http://m-tvlmedia.public.bcs.ysten.com/ysten-business/live/hdtianjinstv/1.m3u8
天津卫视,weishi,南宁联通,http://121.31.30.90:8085/ysten-business/live/tianjinstv/1.m3u8
天津卫视,weishi,南宁联通,http://121.31.30.90:8085/ysten-business/live/tianjinstv/yst.m3u8
天津卫视FHD,weishi,江苏移动,http://223.110.245.155/ott.js.chinamobile.com/PLTV/3/224/3221227382/index.m3u8
天津卫视FHD,weishi,江苏移动,http://223.110.245.165/ott.js.chinamobile.com/PLTV/3/224/3221227407/index.m3u8
天津卫视HD,weishi,江西移动,http://117.169.120.140:8080/live/hdtianjinstv/.m3u8
天津卫视HD,weishi,南宁联通,http://121.31.30.90:8085/ysten-business/live/hdtianjinstv/1.m3u8
天津卫视HD,weishi,南宁联通,http://121.31.30.90:8085/ysten-business/live/hdtianjinstv/yst.m3u8
西藏卫视,weishi,北邮IVI,http://ivi.bupt.edu.cn/hls/xztv.m3u8
西藏卫视,weishi,官方,http://media.vtibet.com/masvod/HLSLive/9/hanyuTV_q1.m3u8
西藏卫视,weishi,江西移动,http://117.169.120.140:8080/live/xizangstv/.m3u8
西藏卫视,weishi,江西移动,http://m-tvlmedia.public.bcs.ysten.com/ysten-business/live/xizangstv/1.m3u8
西藏卫视,weishi,南宁联通,http://121.31.30.90:8085/ysten-business/live/xizangstv/1.m3u8
西藏卫视,weishi,南宁联通,http://121.31.30.90:8085/ysten-business/live/xizangstv/yst.m3u8
新疆卫视,weishi,北邮IVI,http://ivi.bupt.edu.cn/hls/xjtv.m3u8
新疆卫视,weishi,江西移动,http://223.82.250.72/live/xinjiangstv/1.m3u8
新疆卫视,weishi,南宁联通,http://121.31.30.90:8085/ysten-business/live/xinjiangstv/1.m3u8
新疆卫视,weishi,南宁联通,http://121.31.30.90:8085/ysten-business/live/xinjiangstv/yst.m3u8
延边卫视,weishi,江苏移动,http://223.110.245.161/ott.js.chinamobile.com/PLTV/3/224/3221227002/index.m3u8
阳光卫视,weishi,南宁联通,http://121.31.30.90:8085/ysten-business/live/yangguangstv/1.m3u8
阳光卫视,weishi,南宁联通,http://121.31.30.90:8085/ysten-business/live/yangguangstv/yst.m3u8
云南卫视,weishi,北邮IVI,http://ivi.bupt.edu.cn/hls/yntv.m3u8
云南卫视,weishi,江苏移动,http://223.110.245.157/ott.js.chinamobile.com/PLTV/3/224/3221225591/index.m3u8
云南卫视,weishi,江苏移动,http://223.110.245.159/ott.js.chinamobile.com/PLTV/3/224/3221225838/index.m3u8
云南卫视,weishi,江西移动,http://117.169.120.140:8080/live/yunnanstv/.m3u8
云南卫视,weishi,江西移动,http://m-tvlmedia.public.bcs.ysten.com/ysten-business/live/yunnanstv/1.m3u8
云南卫视,weishi,南宁联通,http://121.31.30.90:8085/ysten-business/live/yunnanstv/1.m3u8
云南卫视,weishi,南宁联通,http://121.31.30.90:8085/ysten-business/live/yunnanstv/yst.m3u8
浙江卫视,weishi,江苏移动,http://183.207.249.9/PLTV/3/224/3221225544/index.m3u8
浙江卫视,weishi,南宁联通,http://121.31.30.90:8085/ysten-business/live/zhejiangstv/1.m3u8
浙江卫视,weishi,南宁联通,http://121.31.30.90:8085/ysten-business/live/zhejiangstv/yst.m3u8
浙江卫视FHD,weishi,江苏移动,http://223.110.245.143/ott.js.chinamobile.com/PLTV/3/224/3221227483/index.m3u8
浙江卫视FHD,weishi,江苏移动,http://223.110.245.159/ott.js.chinamobile.com/PLTV/3/224/3221227393/index.m3u8
浙江卫视FHD,weishi,江苏移动,http://223.110.245.163/ott.js.chinamobile.com/PLTV/3/224/3221227215/index.m3u8
浙江卫视FHD,weishi,浙江移动,http://117.148.187.37/PLTV/88888888/224/3221226136/index.m3u8
浙江卫视HD,weishi,江苏移动,http://223.110.243.173/PLTV/3/224/3221227215/index.m3u8
浙江卫视HD,weishi,南宁联通,http://121.31.30.90:8085/ysten-business/live/hdzhejiangstv/1.m3u8
浙江卫视HD,weishi,南宁联通,http://121.31.30.90:8085/ysten-business/live/hdzhejiangstv/yst.m3u8
浙江卫视HD,weishi,浙江移动,http://117.148.187.37/PLTV/88888888/224/3221226474/index.m3u8
重庆卫视,weishi,江西移动,http://223.82.250.72/live/chongqingstv/1.m3u8
重庆卫视,weishi,南宁联通,http://121.31.30.90:8085/ysten-business/live/chongqingstv/1.m3u8
重庆卫视,weishi,南宁联通,http://121.31.30.90:8085/ysten-business/live/chongqingstv/yst.m3u8
重庆卫视HD,weishi,北邮IVI,http://ivi.bupt.edu.cn/hls/cqhd.m3u8
CGNTV,difang,官方,http://cgntv-glive.ofsdelivery.net/live/_definst_/cgntv_kr02/chunklist.m3u8
CGNTV中文台,difang,官方,http://cgntv-glive.ofsdelivery.net/live/_definst_/cgntv_ch/chunklist_w1705401687.m3u8
CGNTV中文台-空中英语教室,difang,官方,http://cgntv-glive.ofsdelivery.net/live/_definst_/cgntv_ch/playlist.m3u8
CNTV动画王国,difang,江苏移动,http://183.207.249.7/PLTV/3/224/3221225555/index.m3u8
CNTV完美游戏,difang,江苏移动,http://183.207.249.7/PLTV/3/224/3221225539/index.m3u8
IPTV爱情喜剧,difang,南宁联通,http://121.31.30.90:8085/ysten-business/live/aiqingxj/yst.m3u8
IPTV动画王国,difang,南宁联通,http://121.31.30.90:8085/ysten-business/live/donghuawg/yst.m3u8
IPTV动作电影,difang,南宁联通,http://121.31.30.90:8085/ysten-business/live/dongzuody/yst.m3u8
IPTV古装剧场,difang,南宁联通,http://121.31.30.90:8085/ysten-business/live/guzhuangjc/yst.m3u8
IPTV海外剧场,difang,南宁联通,http://121.31.30.90:8085/ysten-business/live/xiqumd/yst.m3u8
IPTV家庭剧场,difang,南宁联通,http://121.31.30.90:8085/ysten-business/live/jiatingjc/yst.m3u8
IPTV金牌综艺,difang,南宁联通,http://121.31.30.90:8085/ysten-business/live/saishijx/yst.m3u8
IPTV惊悚悬疑,difang,南宁联通,http://121.31.30.90:8085/ysten-business/live/jingsongxy/yst.m3u8
IPTV精品大剧,difang,南宁联通,http://121.31.30.90:8085/ysten-business/live/jdaju/yst.m3u8
IPTV精品电影,difang,南宁联通,http://121.31.30.90:8085/ysten-business/live/jdianying/yst.m3u8
IPTV精品记录,difang,南宁联通,http://121.31.30.90:8085/ysten-business/live/jingpinjl/yst.m3u8
IPTV精品综艺,difang,南宁联通,http://121.31.30.90:8085/ysten-business/live/jzongyi/yst.m3u8
IPTV军旅剧场,difang,南宁联通,http://121.31.30.90:8085/ysten-business/live/junlvjc/yst.m3u8
IPTV军事评论,difang,南宁联通,http://121.31.30.90:8085/ysten-business/live/junshipl/yst.m3u8
IPTV明星大片,difang,南宁联通,http://121.31.30.90:8085/ysten-business/live/mingxingdp/yst.m3u8
NewTV爱情喜剧,difang,南宁联通,http://121.31.30.90:8085/ysten-business/live/aiqingxj/1.m3u8
NewTV搏击,difang,南宁联通,http://121.31.30.90:8085/ysten-business/live/SD-1500k-576P-bokesen/1.m3u8
NewTV搏击2,difang,江苏移动,http://223.110.245.151/ott.js.chinamobile.com/PLTV/3/224/3221226803/index.m3u8
NewTV潮妈辣婆,difang,浙江移动,http://117.148.187.37/PLTV/88888888/224/3221226666/index.m3u8
Newtv动画王国2,difang,江苏移动,http://183.207.249.8/PLTV/3/224/3221225555/index.m3u8
NewTV动画王国FHD,difang,江苏移动,http://223.110.245.161/ott.js.chinamobile.com/PLTV/3/224/3221225555/index.m3u8
NewTV动画王国HHD,difang,南宁联通,http://121.31.30.90:8085/ysten-business/live/donghuawg/1.m3u8
NewTV古装剧场,difang,南宁联通,http://121.31.30.90:8085/ysten-business/live/guzhuangjc/1.m3u8
NewTV海外剧场,difang,南宁联通,http://121.31.30.90:8085/ysten-business/live/xiqumd/1.m3u8
NewTV家庭剧场HHD,difang,南宁联通,http://121.31.30.90:8085/ysten-business/live/jiatingjc/1.m3u8
NewTV金牌综艺HD,difang,南宁联通,http://121.31.30.90:8085/ysten-business/live/saishijx/1.m3u8
NewTV惊悚悬疑HD,difang,南宁联通,http://121.31.30.90:8085/ysten-business/live/jingsongxy/1.m3u8
NewTV精品大剧HD,difang,南宁联通,http://121.31.30.90:8085/ysten-business/live/jdaju/1.m3u8
Newtv精品电影-1080P,difang,江苏移动,http://183.207.249.14/PLTV/3/224/3221225567/index.m3u8
NewTV精品电影FHD,difang,江苏移动,http://223.110.245.153/ott.js.chinamobile.com/PLTV/3/224/3221225567/index.m3u8
NewTV精品电影HD,difang,南宁联通,http://121.31.30.90:8085/ysten-business/live/jdianying/1.m3u8
NewTV精品记录HHD,difang,南宁联通,http://121.31.30.90:8085/ysten-business/live/jingpinjl/1.m3u8
NewTV精品体育HD,difang,南宁联通,http://121.31.30.90:8085/ysten-business/live/jtiyu/1.m3u8
NewTV军事频道,difang,南宁联通,http://121.31.30.90:8085/ysten-business/live/junshipl/1.m3u8
NewTV明星大片FHD,difang,浙江移动,http://117.148.187.37/PLTV/88888888/224/3221226751/index.m3u8
NewTV明星大片HD,difang,南宁联通,http://121.31.30.90:8085/ysten-business/live/mingxingdp/1.m3u8
NewTV农业致富,difang,南宁联通,http://121.31.30.90:8085/ysten-business/live/nongyezf/1.m3u8
NewTV完美游戏,difang,南宁联通,http://121.31.30.90:8085/ysten-business/live/wmyx/1.m3u8
NewTV炫舞未来,difang,浙江移动,http://112.17.40.140/PLTV/88888888/224/3221226817/index.m3u8
NewTV中国功夫,difang,南宁联通,http://121.31.30.90:8085/ysten-business/live/SD-1500k-576P-gzkongfu/1.m3u8
阿坝综合频道,difang,官方,http://118.122.239.157:1234/hls/hd-live.m3u8
澳T澳l,difang,官方,http://61.244.22.4/ch3/ch3.live/playelist.m3u8
澳T葡文,difang,官方,http://61.244.22.4/ch2/ch2.live/playelist.m3u8
巴中公共频道,difang,官方,http://30814.hlsplay.aodianyun.com/lms_30814/tv_channel_247.m3u8
巴中综合频道,difang,官方,http://30814.hlsplay.aodianyun.com/lms_30814/tv_channel_246.m3u8
白城新闻综合,difang,官方,http://stream2.jlntv.cn/baicheng1/sd/live.m3u8
白山新闻综合,difang,官方,http://stream2.jlntv.cn/baishan1/sd/live.m3u8
宝应生活资讯,difang,官方,http://jsby.chinashadt.com:2035/live/by2.stream/playlist.m3u8
宝应新闻综合,difang,官方,http://jsby.chinashadt.com:2035/live/by1.stream/playlist.m3u8
北碚综合频道,difang,官方,http://222.178.181.121:12034/beibei01.m3u8
北京财经,difang,北邮IVI,http://ivi.bupt.edu.cn/hls/btv5.m3u8
北京冬奥纪实,difang,官方,http://ottrrs.hl.chinamobile.com/PLTV/88888888/224/3221225729/index.m3u8
北京纪实,difang,北邮IVI,http://ivi.bupt.edu.cn/hls/btv11hd.m3u8
北京卡酷少儿,difang,北邮IVI,http://ivi.bupt.edu.cn/hls/btv10.m3u8
北京科教,difang,北邮IVI,http://ivi.bupt.edu.cn/hls/btv3.m3u8
北京青年,difang,北邮IVI,http://ivi.bupt.edu.cn/hls/btv8.m3u8
北京生活,difang,北邮IVI,http://ivi.bupt.edu.cn/hls/btv7.m3u8
北京文艺,difang,北邮IVI,http://ivi.bupt.edu.cn/hls/btv2.m3u8
北京文艺,difang,北邮IVI,http://ivi.bupt.edu.cn/hls/btv2hd.m3u8
北京新闻,difang,北邮IVI,http://ivi.bupt.edu.cn/hls/btv9.m3u8
北京影视,difang,北邮IVI,http://ivi.bupt.edu.cn/hls/btv4.m3u8
滨海综艺,difang,官方,http://60.30.52.41/live/bhtv2/playlist.m3u8
滨州测试频道,difang,官方,http://stream.bzcm.net/4/sd/live.m3u8
滨州公共电视剧,difang,官方,http://stream.bzcm.net/1/sd/live.m3u8
滨州新闻综合,difang,官方,http://stream.bzcm.net/2/sd/live.m3u8
亳州农村频道,difang,官方,http://220.180.110.101:8083/videos/live/39/13/o4ncrHkSp7q09/o4ncrHkSp7q09.M3U8
亳州新闻频道,difang,官方,http://220.180.110.101:8083/videos/live/33/59/NC7XQdEveyncq/NC7XQdEveyncq.M3U8
潮安影视,difang,官方,http://chaoan.chaoantv.com:8278/chaoanyingshi/playlist.m3u8
潮安影视,difang,官方,http://chaoan.chaoantv.com:8278/h_yingshi_1028/playlist.m3u8
潮安综合,difang,官方,http://chaoan.chaoantv.com:8278/chaoanzonghe/playlist.m3u8
潮安综合,difang,官方,http://chaoan.chaoantv.com:8278/live/chaoanzongyi.m3u8
潮安综合,difang,官方,http://chaoan.chaoantv.com:8278/zongyi_1028/playlist.m3u8
潮安综合,difang,官方,http://chaoan.chaoantv.com:8278/zongyi_728/playlist.m3u8
潮州公共,difang,官方,http://live.zscz0768.com/live/ggpd.m3u8
潮州综合,difang,官方,http://dslive.grtn.cn/czzh/sd/live.m3u8
潮州综合,difang,官方,http://live.zscz0768.com/live/zhpd.m3u8
滁州公共频道,difang,官方,http://183.167.193.45:1935/live/cztvgg/playlist.m3u8
滁州科教频道,difang,官方,http://183.167.193.45:1935/live/cztvkj/playlist.m3u8
滁州新闻综合,difang,官方,http://183.167.193.45:1935/live/cztvzh/playlist.m3u8
大悟综合,difang,官方,http://yunshangdawu.live.tempsource.cjyun.org/videotmp/s10129-dwzhpd.m3u8
大冶二套,difang,官方,http://dayeyun.live.tempsource.cjyun.org/videotmp/s10102-TC2T.m3u8
大冶一套,difang,官方,http://dayeyun.live.tempsource.cjyun.org/videotmp/s10102-TC1T.m3u8
德兴新闻综合,difang,官方,http://218.64.168.174:5011/vod/hls/c01/live.m3u8
德州公共频道,difang,官方,http://video.dztv.tv:1935/live/dzgg_bq/playlist.m3u8
德州公共频道,difang,官方,http://video.dztv.tv:1935/live/dzgg_gq/playlist.m3u8
德州公共频道,difang,官方,http://video.dztv.tv:1935/live/dzgg_sj/playlist.m3u8
德州图文频道,difang,官方,http://video.dztv.tv:1935/live/dztw_bq/playlist.m3u8
德州图文频道,difang,官方,http://video.dztv.tv:1935/live/dztw_gq/playlist.m3u8
德州图文频道,difang,官方,http://video.dztv.tv:1935/live/dztw_sj/playlist.m3u8
德州新闻频道,difang,官方,http://video.dztv.tv:1935/live/xwzh_bq/playlist.m3u8
德州新闻频道,difang,官方,http://video.dztv.tv:1935/live/xwzh_gq/playlist.m3u8
德州新闻频道,difang,官方,http://video.dztv.tv:1935/live/xwzh_sj/playlist.m3u8
迪庆藏语,difang,官方,http://stream01.dqtv123.com:1935/live/diqingzangyu.stream/playlist.m3u8
迪庆综合,difang,官方,http://stream01.dqtv123.com:1935/live/xinwenzonghe.stream/playlist.m3u8
第一财经,difang,官方,http://w1.livecdn.yicai.com/hls/live/CBN_hd/live.m3u8
第一财经,difang,官方,http://w1.livecdn.yicai.com/hls/live/CBN_sd/live.m3u8
点掌财经,difang,官方,http://cclive.aniu.tv/live/anzb.m3u8
点掌财经频道,difang,官方,http://cclive2.aniu.tv/live/anzb.m3u8
电竞世界,difang,江苏移动,http://223.110.245.167/ott.js.chinamobile.com/PLTV/3/224/3221226942/index.m3u8
迭部电视台,difang,甘肃移动,http://117.156.28.119/270000001111/1110000154/index.m3u8
东昌导视频道,difang,官方,http://sddc.chinashadt.com:1936/live/gonggong.stream/playlist.m3u8
东方财经,difang,官方,http://w1.livecdn.yicai.com/hls/live/dftv_ld/live.m3u8
东莞综合,difang,官方,http://dslive.grtn.cn/dgzh/sd/live.m3u8
东乡电视台,difang,甘肃移动,http://117.156.28.119/270000001111/1110000131/index.m3u8
东营公共频道,difang,官方,http://stream.hhek.cn/ggpd/sd/live.m3u8
东营科教频道,difang,官方,http://stream.hhek.cn/dyjy/sd/live.m3u8
东营图文频道,difang,官方,http://stream.hhek.cn/twpd/sd/live.m3u8
东营综合频道,difang,官方,http://stream.hhek.cn/xwzh/sd/live.m3u8
东至文化资讯,difang,官方,http://223.247.33.124:1935/live/wenhua/playlist.m3u8
东至新闻综合,difang,官方,http://223.247.33.124:1935/live/zonghe/playlist.m3u8
东至影视频道,difang,官方,http://223.247.33.124:1935/live/yingshi/playlist.m3u8
动画王国,difang,江苏移动,http://183.207.249.15/PLTV/3/224/3221225555/index.m3u8
都市剧场,difang,浙江移动,http://112.17.40.140/PLTV/88888888/224/3221226825/index.m3u8
敦煌电视台,difang,甘肃移动,http://117.156.28.119/270000001111/1110000028/index.m3u8
凤台文化生活,difang,官方,http://60.175.115.119:1935/live/wenhua/playlist.m3u8
凤台综合频道,difang,官方,http://60.175.115.119:1935/live/zonghe/playlist.m3u8
福州少儿,difang,官方,http://live.zohi.tv/video/s10001-sepd-4/index.m3u8
福州生活,difang,官方,http://live.zohi.tv/video/s10001-shpd-3/index.m3u8
福州影视,difang,官方,http://live.zohi.tv/video/s10001-yspd-2/index.m3u8
福州综合,difang,官方,http://live.zohi.tv/video/s10001-FZTV-1/index.m3u8
抚州公共频道,difang,官方,http://111.75.179.195:30767/video/live_vide2.m3u8
抚州综合频道,difang,官方,http://111.75.179.195:30767/video/live_vide.m3u8
甘肃都市频道,difang,官方,http://stream.gstv.com.cn/dspd/sd/live.m3u8
甘肃公共频道,difang,官方,http://stream.gstv.com.cn/ggpd/sd/live.m3u8
甘肃经济频道,difang,官方,http://stream.gstv.com.cn/jjpd/sd/live.m3u8
甘肃品质生活,difang,官方,http://stream.gstv.com.cn/pzsh/sd/live.m3u8
甘肃少儿频道,difang,官方,http://stream.gstv.com.cn/sepd/sd/live.m3u8
甘肃文化影视,difang,官方,http://stream.gstv.com.cn/whys/sd/live.m3u8
甘肃移动电视,difang,官方,http://stream.gstv.com.cn/ydds/sd/live.m3u8
高尔夫,difang,官方,http://nclive.grtn.cn/grfpd/sd/live.m3u8
高台电视台,difang,甘肃移动,http://117.156.28.119/270000001111/1110000146/index.m3u8
公共频道,difang,官方,http://nclive.grtn.cn/ggpd/sd/live.m3u8
广东房产频道,difang,官方,http://nclive.grtn.cn/fcpd/sd/live.m3u8
广东国际,difang,官方,http://nclive.grtn.cn/gjpd/sd/live.m3u8
广东国际,difang,官方,http://nclive.grtn.cn/gjpd/sd/live.m3u8?_upt=e5cd38e51520527481
广东经济科教,difang,官方,http://nclive.grtn.cn/tvs1hd/hd/live.m3u8
广东少儿,difang,官方,http://nclive.grtn.cn/tvs5/sd/live.m3u8
广东体育,difang,官方,http://nclive.grtn.cn/typd/sd/live.m3u8
广东新闻,difang,官方,http://nclive.grtn.cn/xwpd/sd/live.m3u8?_upt=4fbd1f881535990303
广东新闻频道,difang,官方,http://nclive.grtn.cn/xwpd/sd/live.m3u8
广东影视,difang,官方,http://nclive.grtn.cn/tvs4/sd/live.m3u8
广东综艺,difang,官方,http://nclive.grtn.cn/4K/sd/live.m3u8
广水新闻综合,difang,官方,http://guangshui.live.tempsource.cjyun.org/videotmp/s10146-GSXW.m3u8
海南藏语,difang,官方,http://live.hnzzzzzdst.com/channel1/sd/live.m3u8
海西州综合频道,difang,官方,http://stream.haixitv.cn/1/sd/live.m3u8
杭州1综合,difang,浙江移动,http://117.148.187.37/PLTV/88888888/224/3221226170/index.m3u8
杭州综合,difang,浙江移动,http://112.17.40.140/PLTV/88888888/224/3221226170/index.m3u8
和政电视台,difang,甘肃移动,http://117.156.28.119/270000001111/1110000149/index.m3u8
河北农民,difang,官方,http://hbzx.chinashadt.com:2036/zhibo/stream:hbnm.stream/playlist.m3u8
河北农民,difang,官方,http://hbzx.chinashadt.com:2036/zhibo/stream:hbnm.stream_360p/playlist.m3u8
河北戏曲,difang,官方,http://117.158.206.60:9080/live/live31_tzwj_500k.m3u8
河南睛彩中原,difang,官方,http://117.158.206.60:9080/live/live30_tzwj_500k.m3u8
河南民生,difang,官方,http://117.158.206.60:9080/live/live29_tzwj_500k.m3u8
河南人文地理,difang,官方,http://117.158.206.60:9080/live/renwendili.m3u8
河南移动戏曲宝,difang,官方,http://117.158.206.60:9080/live/xqb.m3u8
河源公共,difang,官方,http://tmpstream.hyrtv.cn/hygg/sd/live.m3u8
河源综合,difang,官方,http://dslive.grtn.cn/hyzh/sd/live.m3u8
鹤壁新闻综合,difang,官方,http://pili-live-hls.hebitv.com/hebi/hebi.m3u8
衡水公共频道,difang,官方,http://hls.hsrtv.cn/hls/hstv3.m3u8
衡水新闻综合,difang,官方,http://hls.hsrtv.cn/hls/hstv1.m3u8
衡水影视娱乐,difang,官方,http://hls.hsrtv.cn/hls/hstv2.m3u8
红安综合,difang,官方,http://hongan.live.cjyun.org/video/s10063-HAZH.m3u8
洪雅新闻综合,difang,官方,http://117.172.215.250:8083/videos/live/35/39/GQVbrgob5CGJM/GQVbrgob5CGJM.M3U8
湖南茶,difang,浙江移动,http://112.17.40.140/PLTV/88888888/224/3221226744/index.m3u8
湖南都市,difang,官方,http://hnsd.chinashadt.com:2036/live/stream:hunandushi.stream/playlist.m3u8
湖南娄底综合频道2,difang,官方,http://mms.ldntv.cn:1935/live/zonghe/chunklist_w1395940163.m3u8
华亭电视台,difang,甘肃移动,http://117.156.28.119/270000001111/1110000148/index.m3u8
怀柔HD,difang,官方,http://live.huairtv.com:1935/dvrLive/_definst_/hrtvmb/playlist.m3u8
淮安公共,difang,官方,http://stream.habctv.com/hagg/sd/live.m3u8
淮安影视,difang,官方,http://stream.habctv.com/ysyl/sd/live.m3u8
淮安综合,difang,官方,http://stream.habctv.com/xwzh/sd/live.m3u8
黄冈公共,difang,官方,http://huanggang.live.cjyun.org/video/s10120-xwgg/index.m3u8
黄冈公共频道,difang,官方,http://huanggang.live.cjyun.org/video/s10120-xwgg.m3u8
黄冈新闻频道,difang,官方,http://huanggang.live.cjyun.org/video/s10120-xwzh.m3u8
黄冈综合,difang,官方,http://huanggang.live.cjyun.org/video/s10120-xwzh/index.m3u8
惠州综合,difang,官方,http://dslive.grtn.cn/hzzh/sd/live.m3u8
霍山综合频道,difang,官方,http://ahhs.chinashadt.com:1936/live/stream:hs1.stream/playlist.m3u8
积石山电视台,difang,甘肃移动,http://117.156.28.119/270000001111/1110000152/index.m3u8
吉林7频道,difang,官方,http://stream1.jlntv.cn/fzpd/sd/live.m3u8
吉林都市,difang,官方,http://stream1.jlntv.cn/dspd/sd/live.m3u8
吉林都市,difang,官方,http://stream1.jlntv.cn/dspd/sd/live.m3u8?_upt=4f4899d21531575987
吉林公共,difang,官方,http://stream1.jlntv.cn/ggpd/sd/live.m3u8
吉林公共新闻,difang,官方,http://stream1.jlntv.cn/ggpd/sd/live.m3u8?_upt=b95938311531576098
吉林篮球,difang,官方,http://stream1.jlntv.cn/lqpd/sd/live.m3u8
吉林山村,difang,官方,http://stream1.jlntv.cn/xcpd/sd/live.m3u8?_upt=ed8b01841531576074
吉林生活,difang,官方,http://stream1.jlntv.cn/shpd/sd/live.m3u8
吉林生活,difang,官方,http://stream1.jlntv.cn/shpd/sd/live.m3u8?_upt=212b47d81531576020
吉林市新闻综合,difang,官方,http://stream2.jlntv.cn/jilin1/sd/live.m3u8
吉林乡村,difang,官方,http://stream1.jlntv.cn/xcpd/sd/live.m3u8
吉林影视,difang,官方,http://stream1.jlntv.cn/yspd/sd/live.m3u8
吉州新闻综合,difang,官方,http://218.204.153.158/10.m3u8
集安综合频道,difang,官方,http://stream2.jlntv.cn/ja/sd/live.m3u8
济宁公共频道,difang,官方,http://lives.jnnews.tv/video/s10001-JTV3/index.m3u8
济宁教育频道,difang,官方,http://lives.jnnews.tv/video/s10001-JTV2/index.m3u8
济宁图文频道,difang,官方,http://lives.jnnews.tv/video/s10001-JTV4/index.m3u8
嘉佳卡通,difang,官方,http://nclive.grtn.cn/jjkt/sd/live.m3u8
嘉佳卡通,difang,浙江移动,http://112.17.40.140/PLTV/88888888/224/3221226461/index.m3u8
嘉兴海盐新闻综合,difang,官方,http://haiyan.liveyun.hoge.cn/xwpd/sd/live.m3u8
嘉兴新闻综合,difang,浙江移动,http://112.17.40.140/PLTV/88888888/224/3221226358/index.m3u8
嘉鱼新闻综合,difang,官方,http://jiayu.live.tempsource.cjyun.org/videotmp/s10131-jyzh.m3u8
假面骑士HD,difang,浙江移动,http://117.148.187.37/PLTV/88888888/224/3221226178/index.m3u8
江津经济生活,difang,官方,http://jiangjinlive.cbg.cn:1935/ch0.m3u8
江津文化旅游,difang,官方,http://jiangjinlive.cbg.cn:1935/ch2.m3u8
江津新闻综合,difang,官方,http://jiangjinlive.cbg.cn:1935/ch1.m3u8
江门综合,difang,官方,http://218.17.99.211:5080/hls/ttsw6ccn.m3u8
江门综合,difang,官方,http://dslive.grtn.cn/jmzh/sd/live.m3u8
江苏城市,difang,江苏移动,http://183.207.249.8/PLTV/4/224/3221225929/index.m3u8
江苏家庭理财,difang,江苏移动,http://223.110.245.139:80/PLTV/4/224/3221227011/index.m3u8
江苏教育,difang,江苏移动,http://223.110.245.151/ott.js.chinamobile.com/PLTV/3/224/3221225923/index.m3u8
江苏靖江新闻综合台,difang,官方,http://visit.jjbctv.com:1935/live/xwzhpc/playlist.m3u8
江苏影视,difang,江苏移动,http://223.110.243.134/PLTV/4/224/3221225937/index.m3u8
江苏综艺,difang,江苏移动,http://183.207.249.12/PLTV/4/224/3221225931/index.m3u8?icpid=88888888&from=5&ocs=2_183.207.249.13_80&hms_devid=784
揭阳综合,difang,官方,http://dslive.grtn.cn/jyzh/sd/live.m3u8
金昌公共频道,difang,官方,http://stream4.liveyun.hoge.cn/ch01/sd/live.m3u8
金鹰纪实,difang,浙江移动,http://112.17.40.140/PLTV/88888888/224/3221226831/index.m3u8
金鹰卡通,difang,江苏移动,http://223.110.245.145/ott.js.chinamobile.com/PLTV/3/224/3221226303/index.m3u8
金鹰卡通,difang,江西移动,http://223.82.250.72/live/jinyingkaton/1.m3u8
金鹰卡通,difang,江西移动,http://m-tvlmedia.public.bcs.ysten.com/ysten-business/live/jinyingkaton/1.m3u8
金鹰卡通,difang,南宁联通,http://121.31.30.90:8085/ysten-business/live/jinyingkaton/1.m3u8
金鹰卡通,difang,南宁联通,http://121.31.30.90:8085/ysten-business/live/jinyingkaton/yst.m3u8
晋江侨乡,difang,官方,http://stream.jinjiang.tv/1/sd/live.m3u8
京视剧场,difang,江苏移动,http://223.110.245.143/ott.js.chinamobile.com/PLTV/3/224/3221227040/index.m3u8
睛彩开封频道,difang,官方,http://117.158.206.60:9080/kaifeng/kftv4.m3u8
靖江新闻综合,difang,官方,http://visit.jjbctv.com:1935/live/xwzhmb/playlist.m3u8
靖江新闻C合HD,difang,官方,http://58.222.151.43:1935/live/xwzhpc/playlist.m3u8
静宁综合,difang,甘肃移动,http://117.156.28.119/270000001111/1110000147/index.m3u8
九寨沟旅游资讯,difang,官方/未知,http://111.231.194.231:85/live/lyzx.m3u8
九寨沟旅游资讯,difang,官方/未知,http://111.231.194.231:85/live/lyzx_500k.m3u8
九寨沟新闻综合,difang,官方/未知,http://111.231.194.231:85/live/xwzh.m3u8
九寨沟新闻综合,difang,官方/未知,http://111.231.194.231:85/live/xwzh_500k.m3u8
酒泉公共,difang,甘肃移动,http://117.156.28.119/270000001111/1110000002/index.m3u8
酒泉新闻综合,difang,甘肃移动,http://117.156.28.119/270000001111/1110000001/index.m3u8
句容党建频道,difang,官方,http://218.3.92.100:1937/live/dangjian/playlist.m3u8
句容生活频道,difang,官方,http://218.3.92.100:1937/live/shenghuo/playlist.m3u8
句容新闻综合,difang,官方,http://218.3.92.100:1937/live/jrxwzh/playlist.m3u8
句容影视,difang,官方,http://218.3.92.100:1937/live/yingshi/chunklist_w365370764.m3u8
句容影视,difang,官方,http://218.3.92.100:1937/live/yingshi/playlist.m3u8
卡酷少儿,difang,南宁联通,http://121.31.30.90:8085/ysten-business/live/kakukaton/1.m3u8
卡酷少儿,difang,南宁联通,http://121.31.30.90:8085/ysten-business/live/kakukaton/yst.m3u8
开封公共频道,difang,官方,http://117.158.206.60:9080/kaifeng/kftv3.m3u8
开封新闻综合,difang,官方,http://117.158.206.60:9080/kaifeng/kftv1.m3u8
开州生活频道,difang,官方,http://kaixianlive.cbg.cn:10345/5.m3u8
开州综合频道,difang,官方,http://kaixianlive.cbg.cn:10345/1.m3u8
篮球,difang,江苏移动,http://223.110.245.139:80/PLTV/4/224/3221227023/index.m3u8
乐清生活频道,difang,官方,http://33809.hlsplay.aodianyun.com/guangdianyun_33809/tv_channel_171.m3u8
乐清新闻频道,difang,官方,http://33809.hlsplay.aodianyun.com/guangdianyun_33809/tv_channel_170.m3u8
乐亭新闻综合,difang,官方,http://tv.lnshw.com.cn:3100/hls/cfyxlgdz/index.m3u8
梨园频道,difang,官方,http://hnnz.chinashadt.com:1935/live/1004.stream/playlist.m3u8
利川公共频道,difang,官方,http://lichuan.live.tempsource.cjyun.org/videotmp/s10093-lcgg.m3u8
利川新闻综合,difang,官方,http://lichuan.live.tempsource.cjyun.org/videotmp/s10093-lczh.m3u8
梁平综合频道,difang,官方,http://qxlmlive.cbg.cn:1935/app_2/ls_44.stream/playlist.m3u8
辽源新闻综合,difang,官方,http://stream2.jlntv.cn/liaoyuan1/sd/live.m3u8
灵台新闻综合,difang,甘肃移动,http://117.156.28.119/270000001111/1110000145/index.m3u8
龙岩公共,difang,官方,http://stream.lytv.net.cn/1/sd/live.m3u8
龙岩综合,difang,官方,http://stream.lytv.net.cn/2/sd/live.m3u8
隆化影视频道,difang,官方,http://hblh.chinashadt.com:2036/live/stream:lh2.stream/playlist.m3u8
隆化综合频道,difang,官方,http://hblh.chinashadt.com:2036/live/stream:lh1.stream/playlist.m3u8
娄底综合,difang,官方,http://218.77.102.118:1935/live/zonghe/playlist.m3u8
娄底综合频道,difang,官方,http://218.77.102.118:1935/live/zonghe_iphone/playlist.m3u8
鹿泉二套,difang,官方,http://hblq.chinashadt.com:2036/live/stream:luquan2.stream/playlist.m3u8
鹿泉一套,difang,官方,http://hblq.chinashadt.com:2036/live/stream:luquan1.stream/playlist.m3u8
滦县综合频道,difang,官方,http://hblxx.chinashadt.com:2036/live/stream:lx1.stream/playlist.m3u8
滦县综艺频道,difang,官方,http://hblxx.chinashadt.com:2036/live/stream:lx2.stream/playlist.m3u8
洛阳综合频道,difang,官方,http://live1.lytv.com.cn:1935/live/LYTV1-1/playlist.m3u8
茂名综合,difang,官方,http://dslive.grtn.cn/mmzh/sd/live.m3u8
梅州综合,difang,官方,http://dslive.grtn.cn/mzzh/sd/live.m3u8
岷县电视台,difang,甘肃移动,http://117.156.28.119/270000001111/1110000130/index.m3u8
南川旅游经济,difang,官方,http://221.5.213.4:30000/2222.m3u8
南川旅游经济,difang,官方,http://nanchuanlive.cbg.cn:30000/2222.m3u8
南川新闻综合,difang,官方,http://221.5.213.4:30000/1111.m3u8
南川新闻综合,difang,官方,http://nanchuanlive.cbg.cn:30000/1111.m3u8
南方经济TVS1,difang,官方,http://nclive.grtn.cn/tvs1/sd/live.m3u8
南京教科,difang,官方,http://live.nbs.cn/channels/njtv/jkpd/m3u8:500k/live.m3u8
南京教科,difang,江苏移动,http://223.110.245.155/ott.js.chinamobile.com/PLTV/3/224/3221227194/index.m3u8
南京少儿,difang,官方,http://live.nbs.cn/channels/njtv/sepd/m3u8:500k/live.m3u8
南京生活,difang,官方,http://live.nbs.cn/channels/njtv/shpd/m3u8:500k/live.m3u8
南京十八,difang,官方,http://live.nbs.cn/channels/njtv/sbpd/m3u8:500k/live.m3u8
南京新闻综合,difang,官方,http://live.nbs.cn/channels/njtv/xwzh/m3u8:500k/live.m3u8
南京信息,difang,官方,http://live.nbs.cn/channels/njtv/xxpd/m3u8:500k/live.m3u8
南京影视,difang,官方,http://live.nbs.cn/channels/njtv/yspd/m3u8:500k/live.m3u8
南京娱乐,difang,官方,http://live.nbs.cn/channels/njtv/ylpd/m3u8:500k/live.m3u8
南阳公共频道,difang,官方,http://30539.hlsplay.aodianyun.com/lms_30539/tv_channel_295.m3u8
南阳新闻频道,difang,官方,http://30539.hlsplay.aodianyun.com/lms_30539/tv_channel_142.m3u8
南阳新闻频道,difang,官方,http://hnnz.chinashadt.com:1935/live/1003.stream/playlist.m3u8
南召一套,difang,官方,http://hnnz.chinashadt.com:1935/live/1002.stream/playlist.m3u8
内蒙古,difang,江苏移动,http://223.110.245.139:80/PLTV/4/224/3221225836/index.m3u8
宁波文化娱乐,difang,官方,http://live1.cloud.nbtv.cn/live/5864a1066e4d4754a0572768c9080e47?fmt=h264_500k_flv&trs=hls_ts
宁化电视一套,difang,官方,http://fjnh.chinashadt.com:2036/live/stream:nh1.stream/playlist.m3u8
农安新闻综合,difang,官方,http://stream2.jlntv.cn/naxw/sd/live.m3u8
彭水文化旅游,difang,官方,http://pengshuilive.cbg.cn/pengshui02.m3u8
彭水新闻综合,difang,官方,http://pengshuilive.cbg.cn/pengshui01.m3u8
蓬安新闻综合,difang,官方,http://palive.patv123.com:8091/live/xwpd_800K.m3u8
栖霞新闻频道,difang,官方,http://pili-live-hls.140.i2863.com/i2863-140/live_140_236499.m3u8
綦江综合频道1,difang,官方,http://qxlmlive.cbg.cn:1935/app_2/_definst_/ls_25.stream/playlist.m3u8
前郭综合频道,difang,官方,http://stream2.jlntv.cn/qg/sd/live.m3u8
黔西南公共,difang,官方,http://live.qxndt.com/channel3/sd/live.m3u8
黔西南综合,difang,官方,http://live.qxndt.com/channel2/sd/live.m3u8
青岛城阳频道,difang,官方,http://pili-live-hls.56.i2863.com/i2863-56/live_56_307317.m3u8
青州生活频道,difang,官方,http://sdqz.chinashadt.com:2036/live/stream:2.stream/playlist.m3u8
青州文化旅游,difang,官方,http://sdqz.chinashadt.com:2036/live/stream:3.stream/playlist.m3u8
青州综合频道,difang,官方,http://sdqz.chinashadt.com:2036/live/stream:1.stream/playlist.m3u8
清远综合,difang,官方,http://dslive.grtn.cn/qyzh/sd/live.m3u8
壤塘综合频道,difang,官方,http://118.122.239.157:1236/hls/hd-live.m3u8
荣昌文化生活,difang,官方,http://183.64.181.25:40023/rongchang02.m3u8
荣昌综合频道,difang,官方,http://183.64.181.25:40023/rongchang01.m3u8
三明公共,difang,官方,http://stream3.liveyun.hoge.cn/smtv2/sd/live.m3u8
三明公共频道,difang,官方,http://stream.smntv.cn/smtv2/sd/live.m3u8
三明新闻综合,difang,官方,http://stream.smntv.cn/smtv1/sd/live.m3u8
三明综合,difang,官方,http://stream3.liveyun.hoge.cn/smtv1/sd/live.m3u8
山东教育,difang,江西移动,http://223.82.250.72/live/shandongjy/1.m3u8
山东教育,difang,南宁联通,http://121.31.30.90:8085/ysten-business/live/shandongjy/1.m3u8
山东教育,difang,南宁联通,http://121.31.30.90:8085/ysten-business/live/shandongjy/yst.m3u8
汕头综合,difang,官方,http://dslive.grtn.cn/stzh/sd/live.m3u8
汕尾公共,difang,官方,http://dslive.grtn.cn/swzh/sd/live.m3u8
上海金山电视台,difang,官方,http://live.mudu.tv/watch/4zbn2f.m3u8
上海这一刻陆家嘴,difang,官方,http://bililive.kksmg.com/hls/sdi7000/playlist.m3u8
上海这一刻陆家嘴,difang,官方,http://bililive.kksmg.com/hls/sdi7000/playlist.m3u8?wsSession=14d4afa57497cbd7234253cd-154201925578539&wsIPSercert=acb4b8c47a67df44337edea131d91dac&wsMonitor=-1
上海这一刻魔都眼,difang,官方,http://bililive.kksmg.com/hls/sdi80/playlist.m3u8?wsSession=14d4afa57497cbd7234253cd-154201931602055&wsIPSercert=acb4b8c47a67df44337edea131d91dac&wsMonitor=-1
上虞1新闻综合,difang,官方,http://l.cztvcloud.com/channels/lantian/SXshangyu1/720p.m3u8
上虞3新商都,difang,官方,http://l.cztvcloud.com/channels/lantian/SXshangyu3/720p.m3u8
韶关综合,difang,官方,http://dslive.grtn.cn/sgxwzhHD/sd/live.m3u8
邵东综合频道,difang,官方,http://hnsd.chinashadt.com:2036/live/stream:shaodong.stream/playlist.m3u8
深圳蛇口,difang,官方,http://218.17.99.211:82/hls/d4encs75.m3u8
生活频道,difang,江苏移动,http://223.110.245.153/ott.js.chinamobile.com/PLTV/3/224/3221227311/index.m3u8
嵊州综合,difang,官方,http://l.cztvcloud.com/channels/lantian/SXshengzhou1/720p.m3u8
双峰电视一套,difang,官方,http://hnsf.chinashadt.com:2036/zhuanma/tv1.stream_360p/playlist.m3u8
四海钓鱼,difang,浙江移动,http://112.17.40.140/PLTV/88888888/224/3221226533/index.m3u8
四平新闻综合,difang,官方,http://stream2.jlntv.cn/sptv/sd/live.m3u8
松原新闻综合,difang,官方,http://stream2.jlntv.cn/sytv/sd/live.m3u8
肃州电视台,difang,甘肃移动,http://117.156.28.119/270000001111/1110000123/index.m3u8
宿迁公共,difang,江苏移动,http://223.110.245.153/ott.js.chinamobile.com/PLTV/3/224/3221226939/index.m3u8
宿州公共频道,difang,官方,http://live.ahsz.tv/video/s10001-ggpd/index.m3u8
宿州科教频道,difang,官方,http://live.ahsz.tv/video/s10001-kxjy/index.m3u8
宿州新闻综合,difang,官方,http://live.ahsz.tv/video/s10001-szzh/index.m3u8
通化新闻,difang,官方,http://stream2.jlntv.cn/tonghua1/sd/live.m3u8
铜仁城市生活,difang,官方,http://media.trrtv.com:8083/videos/live/53/2/XSpPeSTEmkFgY/XSpPeSTEmkFgY.M3U8
铜仁新闻综合,difang,官方,http://media.trrtv.com:8083/videos/live/10/37/iY2ZjcOkrjAJN/iY2ZjcOkrjAJN.M3U8
完美游戏,difang,江苏移动,http://183.207.249.15/PLTV/3/224/3221225539/index.m3u8
完美游戏,difang,江苏移动,http://183.207.249.16/PLTV/3/224/3221225539/index.m3u8
万盛新闻综合,difang,官方,http://qxlmlive.cbg.cn:1935/app_2/ls_40.stream/playlist.m3u8
万州三峡移民,difang,官方,http://123.146.162.24:8017/c2F0hmi/1000/live.m3u8
万州三峡移民,difang,官方,http://wanzhoulive.cbg.cn:8017/c2F0hmi/1000/live.m3u8
万州影视文艺,difang,官方,http://123.146.162.24:8017/d4ceB1a/1000/live.m3u8
万州影视文艺,difang,官方,http://wanzhoulive.cbg.cn:8017/d4ceB1a/1000/live.m3u8
万州综合频道,difang,官方,http://wanzhoulive.cbg.cn:8017/iTXwrGs/800/live.m3u8
文物宝库,difang,官方,http://117.158.206.60:9080/live/wwbk.m3u8
涡阳新闻综合,difang,官方,http://220.180.110.101:8083/videos/live/36/57/hwEHU4UVQ1Iv5/hwEHU4UVQ1Iv5.M3U8
吴江新闻综合,difang,官方,http://30515.hlsplay.aodianyun.com/lms_30515/tv_channel_239.m3u8
五星体育,difang,江苏移动,http://223.110.245.147/ott.js.chinamobile.com/PLTV/3/224/3221226799/2.m3u8
五星体育HD,difang,江苏移动,http://223.110.245.147/ott.js.chinamobile.com/PLTV/3/224/3221226799/index.m3u8
五星体育蓝光,difang,浙江移动,http://117.148.187.37/PLTV/88888888/224/3221226582/index.m3u8
武汉交广,difang,官方,http://pili-live-hls.qnlive.appwuhan.com/jianwei/896.m3u8?auth_key=1550149076-1381559855-0-45ab235bdc6abcb4ab75c652ac521df5
武进生活频道,difang,官方,http://live.wjyanghu.com/live/CH2.m3u8
武进新闻频道,difang,官方,http://live.wjyanghu.com/live/CH1.m3u8
西安白鸽,difang,官方,http://stream2.xiancity.cn/xatv2/sd/live.m3u8
西安健康,difang,官方,http://stream2.xiancity.cn/xatv5/sd/live.m3u8
西安新闻,difang,官方,http://stream2.xiancity.cn/xatv1/sd/live.m3u8
西安音乐综艺,difang,官方,http://stream2.xiancity.cn/xatv6/sd/live.m3u8
西安影视,difang,官方,http://stream2.xiancity.cn/xatv4/sd/live.m3u8
西安资讯,difang,官方,http://stream2.xiancity.cn/xatv3/sd/live.m3u8
西藏藏语,difang,官方,http://media.vtibet.com/masvod/HLSLive/7/zangyuTV_q1.m3u8
西山电视台,difang,官方,http://218.26.97.12:5021/live_hls/1/c01.m3u8
希腊KONTRA,difang,官方,http://flashcloud.mediacdn.com/live/kontratv/.m3u8
戏曲梨园频道,difang,官方,http://117.158.206.60:9080/live/lypd.m3u8
仙桃生活文体,difang,官方,http://221.233.242.239:280/live/72/playlist.m3u8
仙桃新闻综合,difang,官方,http://221.233.242.239:280/live/71/playlist.m3u8
咸宁综合频道,difang,官方,http://xianning.live.cjyun.org/video/s10140-XNTV-1/index.m3u8
香港l,difang,官方,http://zhibo.hkstv.tv/livestream/mutfysrq/playlist.m3u8
湘潭公共,difang,官方,http://live.hnxttv.com:9601/live/dspd/800K/tzwj_video.m3u8
湘潭综合,difang,官方,http://live.hnxttv.com:9601/live/xwzh/800K/tzwj_video.m3u8
萧山生活频道,difang,官方,http://l.cztvcloud.com/channels/lantian/SXxiaoshan2/720p.m3u8
萧山新闻综合,difang,官方,http://l.cztvcloud.com/channels/lantian/SXxiaoshan1/720p.m3u8
孝昌生活频道,difang,官方,http://xiaochang.live.cjyun.org/video/s10128-xcsh/index.m3u8
孝昌新闻党建,difang,官方,http://xiaochang.live.cjyun.org/video/s10128-xcxw/index.m3u8
孝感公共频道,difang,官方,http://xiaogan.live.cjyun.org/video/s10139-shpd/index.m3u8
孝感新闻综合,difang,官方,http://xiaogan.live.cjyun.org/video/s10139-xg/index.m3u8
新昌新闻综合,difang,官方,http://l.cztvcloud.com/channels/lantian/SXxinchang1/720p.m3u8
新昌休闲影视,difang,官方,http://l.cztvcloud.com/channels/lantian/SXxinchang2/720p.m3u8
新罗电视二套,difang,官方,http://stream.lyxltv.com/xinluotv/sd/live.m3u8
新罗电视一套,difang,官方,http://stream.lyxltv.com/xltv/sd/live.m3u8
新泰生活频道,difang,官方,http://live.xtgdw.cn:1935/live/xtsh/playlist.m3u8
新泰乡村党建,difang,官方,http://live.xtgdw.cn:1935/live/xtxc/playlist.m3u8
新泰综合频道,difang,官方,http://live.xtgdw.cn:1935/live/xtzh/playlist.m3u8
徐州1,difang,江苏移动,http://223.110.245.165/ott.js.chinamobile.com/PLTV/3/224/3221225945/index.m3u8
徐州1HD,difang,江苏移动,http://183.207.249.15/PLTV/3/224/3221225945/index.m3u8
徐州2,difang,江苏移动,http://223.110.245.167/ott.js.chinamobile.com/PLTV/3/224/3221225947/index.m3u8
徐州3HD,difang,江苏移动,http://223.110.245.151/ott.js.chinamobile.com/PLTV/3/224/3221225949/index.m3u8
徐州4HD,difang,江苏移动,http://183.207.249.15/PLTV/3/224/3221225951/index.m3u8
徐州公共,difang,官方,http://stream1.huaihai.tv/ggpd/playlist.m3u8
徐州公共频道,difang,江苏移动,http://183.207.248.11/PLTV/3/224/3221225951/index.m3u8
徐州邳州综合,difang,官方,http://stream.pznews.com/pztv1/sd/live.m3u8
徐州邳州综艺,difang,官方,http://stream.pznews.com/pztv2/sd/live.m3u8
徐州生活,difang,官方,http://stream1.huaihai.tv/jjsh/playlist.m3u8
徐州新闻综合,difang,江苏移动,http://183.207.248.11/PLTV/3/224/3221225945/index.m3u8
徐州影视,difang,官方,http://stream1.huaihai.tv/wyys/playlist.m3u8
徐州综合,difang,官方,http://stream1.huaihai.tv/xwzh/playlist.m3u8
炫动卡通,difang,江西移动,http://m-tvlmedia.public.bcs.ysten.com/ysten-business/live/xuandongkaton/1.m3u8
炫动卡通,difang,南宁联通,http://121.31.30.90:8085/ysten-business/live/xuandongkaton/1.m3u8
炫动卡通,difang,南宁联通,http://121.31.30.90:8085/ysten-business/live/xuandongkaton/yst.m3u8
炫动卡通2,difang,江苏移动,http://223.110.245.163/ott.js.chinamobile.com/PLTV/3/224/3221226388/index.m3u8
延安1台,difang,官方,http://stream2.liveyun.hoge.cn/YATV1/sd/live.m3u8
延安2台,difang,官方,http://stream2.liveyun.hoge.cn/YATV2/sd/live.m3u8
延边新闻综合,difang,官方,http://stream2.jlntv.cn/jlyb/sd/live.m3u8
阳江综合,difang,官方,http://dslive.grtn.cn/yjzh/sd/live.m3u8
耀才财经,difang,官方,http://202.69.67.66:443/webcast/bshdlive-mobile/playlist.m3u8
耀才台,difang,官方,http://202.69.67.66:443/webcast/bshdlive-pc/playlist.m3u8?wowzasessionid=64000
宜兴电视紫砂频道,difang,官方,http://live-dft-hls-yf.jstv.com/live/yixing_zs/online.m3u8
宜兴新闻频道,difang,官方,http://live-dft-hls-yf.jstv.com/live/yixing_xw/online.m3u8
弈坛春秋,difang,江苏移动,http://183.207.248.71/gitv/live1/G_YITANCQ/G_YITANCQ
奕坛春秋,difang,江苏移动,http://223.110.245.139:80/PLTV/4/224/3221227031/index.m3u8
应城生活频道,difang,官方,http://yingcheng.live.cjyun.org/video/s10135-YCDJ/index.m3u8
应城新闻综合,difang,官方,http://yingcheng.live.cjyun.org/video/s10135-YCZH/index.m3u8
永新电视二套,difang,官方,http://jxyx.chinashadt.com:2036/live/1003.stream/playlist.m3u8
永新电视三套,difang,官方,http://jxyx.chinashadt.com:2036/live/1004.stream/playlist.m3u8
永新电视一套,difang,官方,http://jxyx.chinashadt.com:2036/live/1002.stream/playlist.m3u8
优漫卡通,difang,江苏移动,http://223.110.243.171/PLTV/3/224/3221226982/index.m3u8
优漫卡通,difang,江西移动,http://m-tvlmedia.public.bcs.ysten.com/ysten-business/live/youmankaton/1.m3u8
优漫卡通,difang,南宁联通,http://121.31.30.90:8085/ysten-business/live/youmankaton/1.m3u8
优漫卡通,difang,南宁联通,http://121.31.30.90:8085/ysten-business/live/youmankaton/yst.m3u8
优优宝贝,difang,浙江移动,http://112.17.40.140/PLTV/88888888/224/3221226829/index.m3u8
游戏风云,difang,浙江移动,http://112.17.40.140/PLTV/88888888/224/3221226726/index.m3u8
余姚新闻综合,difang,官方,http://l.cztvcloud.com/channels/lantian/SXyuyao1/720p.m3u8
余姚幸福生活,difang,官方,http://l.cztvcloud.com/channels/lantian/SXyuyao3/720p.m3u8
余姚姚江文化,difang,官方,http://l.cztvcloud.com/channels/lantian/SXyuyao2/720p.m3u8
云浮综合,difang,官方,http://dslive.grtn.cn/yfzh/sd/live.m3u8
云梦新闻综合,difang,官方,http://yunshangyunmeng.live.cjyun.org/video/s10130-ymzh.m3u8
枣庄公共频道,difang,官方,http://stream.zzgd.tv/3/sd/live.m3u8
枣庄教育频道,difang,官方,http://stream.zzgd.tv/2/sd/live.m3u8
枣庄新闻综合,difang,官方,http://stream.zzgd.tv/1/sd/live.m3u8
湛江综合,difang,官方,http://dslive.grtn.cn/zjzh/sd/live.m3u8
张家港社会生活,difang,官方,http://3gvod.zjgonline.com.cn:1935/live/shehuishenghuo2/playlist.m3u8
张家港新闻综合,difang,官方,http://3gvod.zjgonline.com.cn:1935/live/xinwenzonghe2/playlist.m3u8
张家界电视台1,difang,官方,http://stream.zjjrtv.com/zjjtv1/hd/live.m3u8
张家口一套,difang,官方,http://nlive.zjkgdcs.com:8091/live/xwzhpd.m3u8
漳浦综合,difang,官方,http://220.161.87.62:8800/hls/0/index.m3u8
漳州新闻综合,difang,官方,http://31182.hlsplay.aodianyun.com/lms_31182/tv_channel_175.m3u8
长春综合,difang,官方,http://stream2.jlntv.cn/jlcc/sd/live.m3u8
长丰新闻综合,difang,官方,http://218.23.114.19:1935/live/xinwen/playlist.m3u8
长乐综合,difang,官方,http://35908.hlsplay.aodianyun.com/guangdianyun_35908/tv_channel_327.m3u8
长沙地铁移动,difang,官方,http://35848.hlsplay.aodianyun.com/guangdianyun_35848/tv_channel_356.m3u8
长沙公交移动,difang,官方,http://35848.hlsplay.aodianyun.com/guangdianyun_35848/tv_channel_357.m3u8
长沙购物,difang,官方,http://35848.hlsplay.aodianyun.com/guangdianyun_35848/tv_channel_354.m3u8
长沙经贸,difang,官方,http://35848.hlsplay.aodianyun.com/guangdianyun_35848/tv_channel_350.m3u8
长沙女性,difang,官方,http://35848.hlsplay.aodianyun.com/guangdianyun_35848/tv_channel_349.m3u8
长沙新闻,difang,官方,http://35848.hlsplay.aodianyun.com/guangdianyun_35848/tv_channel_346.m3u8
长沙政法,difang,官方,http://35848.hlsplay.aodianyun.com/guangdianyun_35848/tv_channel_348.m3u8
长寿文化旅游,difang,官方,http://qxlmlive.cbg.cn:1935/app_2/ls_75.stream/playlist.m3u8
长寿综合频道,difang,官方,http://qxlmlive.cbg.cn:1935/app_2/ls_63.stream/playlist.m3u8
长阳综合频道,difang,官方,http://changyang.live.cjyun.org/video/s10114-cy1t/index.m3u8
长治1台,difang,官方,http://streaming.czgd.cn:8084/4b0bcd8509d748358b4450921fc3443b/h264_300k_ts/index.m3u8?type=hls_live_redirect
长治2台,difang,官方,http://streaming.czgd.cn:8084/7223161a96984d81b711d762d7e7fdd1/h264_300k_ts/index.m3u8?type=hls_live_redirect
长治3台,difang,官方,http://streaming.czgd.cn:8084/2b7f0174d0f44c34bf466fc0ab801a3a/h264_300k_ts/index.m3u8?type=hls_live_redirect
赵县电视二套,difang,官方,http://hbzx.chinashadt.com:2036/zhibo/stream:zx2.stream/playlist.m3u8
赵县电视二套,difang,官方,http://hbzx.chinashadt.com:2036/zhibo/stream:zx2.stream_360p/playlist.m3u8
赵县电视一套,difang,官方,http://hbzx.chinashadt.com:2036/zhibo/stream:zx1.stream/playlist.m3u8
赵县电视一套,difang,官方,http://hbzx.chinashadt.com:2036/zhibo/stream:zx1.stream_360p/playlist.m3u8
肇庆综合,difang,官方,http://dslive.grtn.cn/zqzh/sd/live.m3u8
浙江数码时代,difang,浙江移动,http://112.17.40.140/PLTV/88888888/224/3221226638/index.m3u8
置业频道,difang,江苏移动,http://223.110.245.161/ott.js.chinamobile.com/PLTV/3/224/3221227037/index.m3u8
中国交通,difang,江苏移动,http://223.110.245.161/ott.js.chinamobile.com/PLTV/3/224/3221227027/index.m3u8
中国教育1,difang,南宁联通,http://121.31.30.90:8085/ysten-business/live/jiaoyutv/1.m3u8
中国教育1,difang,南宁联通,http://121.31.30.90:8085/ysten-business/live/jiaoyutv/yst.m3u8
中国教育2,difang,西安移动,http://dbiptv.sn.chinamobile.com/PLTV/88888890/224/3221225756/index.m3u8
中国气象频道,difang,官方,http://hls.weathertv.cn/tslslive/qCFIfHB/hls/live_sd.m3u8
中牟综合频道,difang,官方,http://218.206.193.210:9850/playServer/acquirePlayService?type=live&resourceId=1000000000000001&protocol=hls0&drmType=none&deviceGroup=TV(STB)&op=sovp&playType=catchup&redirect=m3u8&nsukey=&kdsplayer=media
中山公共,difang,官方,http://dslive.grtn.cn/zszh/sd/live.m3u8
忠县文旅频道,difang,官方,http://qxlmlive.cbg.cn:1935/app_2/_definst_/ls_36.stream/playlist.m3u8
重庆区县-忠县电视台,difang,官方,http://qxlmlive.cbg.cn:1935/app_2/_definst_/ls_35.stream/playlist.m3u8
重庆新闻综合,difang,官方,http://qxlmlive.cbg.cn:1935/app_2/ls_40.stream/chunklist.m3u8
重庆移动公交,difang,官方,http://qxlmlive.cbg.cn:1935/app_2/ls_57.stream/chunklist.m3u8
重庆忠县,difang,官方,http://qxlmlive.cbg.cn:1935/app_2/ls_35.stream/chunklist.m3u8
重庆综合,difang,官方,http://qxlmlive.cbg.cn:1935/app_2/ls_44.stream/chunklist.m3u8
舟山公共生活,difang,官方,http://live.wifizs.cn/ggsh/sd/live.m3u8
舟山群岛旅游,difang,官方,http://live.wifizs.cn/qdly/sd/live.m3u8
舟山新闻综合,difang,官方,http://live.wifizs.cn/xwzh/sd/live.m3u8
舟山新闻综合,difang,官方,http://stream.wifizs.cn/xwzh/sd/live.m3u8
珠江频道,difang,官方,http://nclive.grtn.cn/zjpd/sd/live.m3u8
